# character	readings (pinyin with tone numbers, / between readings), most frequent character first; from the uruk_egypt chinese.freq.tsv
的	de/di2/di4
一	yi1
是	shi4
不	bu4/bu2
了	le/liao3/liao4
在	zai4
人	ren2
有	you3
我	wo3
他	ta1
这	zhe4/zhei4
个	ge4
们	men
中	zhong1/zhong4
来	lai2
上	shang4
大	da4/dai4
为	wei2/wei4
和	he2/he4/huo2/huo4
国	guo2
地	de/di4
到	dao4
以	yi3
说	shui4/shuo1
时	shi2
要	yao1/yao4
就	jiu4
出	chu1
会	hui4/kuai4
可	ke3
也	ye3
你	ni3
对	dui4
生	sheng1
能	neng2
而	er2
子	zi3/zi
那	na3/na4/nei4
得	de2/de/dei3
于	yu2
着	zhao1/zhao2/zhe/zhu4/zhuo2
下	xia4
自	zi4
之	zhi1
年	nian2
过	guo4
发	fa1/fa4
后	hou4
作	zuo4
里	li3
用	yong4
道	dao4
行	hang2/xing2/xing4
所	suo3
然	ran2
家	jia1
种	zhong3/zhong4
事	shi4
成	cheng2/cheng4
方	fang1
多	duo1
经	jing1
么	ma/me/yao1
去	qu4
法	fa3
学	xue2
如	ru2
都	dou1/du1
同	tong2
现	xian4
当	dang1/dang4
没	mei2/mo4
动	dong4
面	mian4
起	qi3
看	kan1/kan4
定	ding4
天	tian1
分	fen1/fen4
还	hai2/huan2/huan4
进	jin4
好	hao3/hao4
小	xiao3
部	bu4
其	qi2
些	xie1
主	zhu3
样	yang4
理	li3
心	xin1
她	ta1
本	ben3
前	qian2
开	kai1
但	dan4
因	yin1
只	qi2/zhi1/zhi3
从	cong1/cong2/zong4
想	xiang3
实	shi2
日	ri4
军	jun1
者	zhe3
意	yi4
无	wu2
力	li4
它	ta1
与	yu2/yu3/yu4
长	chang2/zhang3
把	ba3/ba4
机	ji1
十	shi2
民	min2
第	di4
公	gong1
此	ci3
已	yi3
工	gong1
使	shi3
情	qing2
明	ming2
性	xing4
知	zhi1
全	quan2
三	san1
又	you4
关	guan1
点	dian3
正	zheng1/zheng4
业	ye4
外	wai4
将	jiang1/jiang4
两	liang3
高	gao1
间	jian1/jian4
由	you2
问	wen4
很	hen3
最	zui4
重	chong2/zhong4
并	bing4
物	wu4
手	shou3
应	ying1/ying4
战	zhan4
向	xiang4
头	tou2/tou
文	wen2
体	ti3
政	zheng4
美	mei3
相	xiang1/xiang4
见	jian4/xian4
被	bei4
利	li4
什	shen2/shi2
二	er4
等	deng3
产	chan3
或	huo4
新	xin1
己	ji3
制	zhi4
身	shen1
果	guo3
加	jia1
西	xi1
斯	si1
月	yue4
话	hua4
合	ge3/he2
回	hui2
特	te2/te4
代	dai4
内	nei4
信	xin4
表	biao3
化	hua4
老	lao3
给	gei3/ji3
世	shi4
位	wei4
次	ci4
度	du4
门	men2
任	ren4
常	chang2
先	xian1
海	hai3
通	tong1
教	jiao1/jiao4
儿	er2/er
原	yuan2
东	dong1
声	sheng1
提	di1/ti2
立	li4
及	ji2
比	bi3/bi4
员	yuan2
解	jie3/jie4/xie4
水	shui3
名	ming2
真	zhen1
论	lun2/lun4
处	chu3/chu4
走	zou3
义	yi4
各	ge4
入	ru4
几	ji1/ji3
口	kou3
认	ren4
条	tiao2
平	ping2
系	xi4
气	qi4
题	ti2
活	huo2
尔	er3
更	geng1/geng4
别	bie2/bie4
打	da2/da3
女	nv3
变	bian4
四	si4
神	shen2
总	zong3
何	he2
电	dian4
数	shu3/shu4/shuo4
安	an1
少	shao3/shao4
报	bao4
才	cai2
结	jie1/jie2
反	fan3
受	shou4
目	mu4
太	tai4
量	liang2/liang4
再	zai4
感	gan3
建	jian4
务	wu4
做	zuo4
接	jie1
必	bi4
场	chang3
件	jian4
计	ji4
管	guan3
期	qi1
市	shi4
直	zhi2
德	de2
资	zi1
命	ming4
山	shan1
金	jin1
指	zhi3
克	ke4
许	xu3
统	tong3
区	ou1/qu1
保	bao3
至	zhi4
队	dui4
形	xing2
社	she4
便	bian4/pian2
空	kong1/kong4
决	jue2
治	zhi4
展	zhan3
马	ma3
科	ke1
司	si1
五	wu3
基	ji1
眼	yan3
书	shu1
非	fei1
则	ze2
听	ting1/ting4
白	bai2
却	que4
界	jie4
达	da2
光	guang1
放	fang4
强	qiang2
即	ji2
像	xiang4
难	nan2/nan4
且	qie3
权	quan2
思	si1
王	wang2
象	xiang4
完	wan2
设	she4
式	shi4
色	se4/shai3
路	lu4
记	ji4
南	nan2
品	pin3
住	zhu4
告	gao4
类	lei4
求	qiu2
据	ju1/ju4
程	cheng2
北	bei3
边	bian1
死	si3
张	zhang1
该	gai1
交	jiao1
规	gui1
万	wan4
取	qu3
拉	la1
格	ge2
望	wang4
觉	jiao4/jue2
术	shu4/zhu2
领	ling3
共	gong4
确	que4
传	chuan2/zhuan4
师	shi1
观	guan1/guan4
清	qing1
今	jin1
切	qie1/qie4
院	yuan4
让	rang4
识	shi2/zhi4
候	hou4
带	dai4
导	dao3
争	zheng1
运	yun4
笑	xiao4
飞	fei1
风	feng1
步	bu4
改	gai3
收	shou1
根	gen1
干	gan1/gan4
造	zao4
言	yan2
联	lian2
持	chi2
组	zu3
每	mei3
济	ji4
车	che1/ju1
亲	qin1/qing4
极	ji2
林	lin2
服	fu2
快	kuai4
办	ban4
议	yi4
往	wang3/wang4
元	yuan2
英	ying1
士	shi4
证	zheng4
近	jin4
失	shi1
转	zhuan3/zhuan4
夫	fu1
令	ling4
准	zhun3
布	bu4
始	shi3
怎	zen3
呢	ne/ni2
存	cun2
未	wei4
远	yuan3
叫	jiao4
台	tai2
单	chan2/dan1/shan4
影	ying3
具	ju4
罗	luo1/luo2
字	zi4
爱	ai4
击	ji1
流	liu2
备	bei4
兵	bing1
连	lian2
调	diao4/tiao2
深	shen1
商	shang1
算	suan4
质	zhi4
团	tuan2
集	ji2
百	bai3
需	xu1
价	jia4/jie
花	hua1
党	dang3
华	hua2/hua4
城	cheng2
石	shi2/dan4
级	ji2
整	zheng3
府	fu3
离	li2
况	kuang4
亚	ya4
请	qing3
技	ji4
际	ji4
约	yao1/yue1
示	shi4
复	fu4
病	bing4
息	xi1
究	jiu1
线	xian4
似	si4
官	guan1
火	huo3
断	duan4
精	jing1
满	man3
支	zhi1
视	shi4
消	xiao1
越	yue4
器	qi4
容	rong2
照	zhao4
须	xu1
九	jiu3
增	zeng1
研	yan2
写	xie3
称	chen4/cheng1/cheng4
企	qi3
八	ba1
功	gong1
吗	ma3/ma
包	bao1
片	pian1/pian4
史	shi3
委	wei1/wei3
乎	hu1
查	cha2/zha1
轻	qing1
易	yi4
早	zao3
曾	ceng2/zeng1
除	chu2
农	nong2
找	zhao3
装	zhuang1
广	guang3
显	xian3
吧	ba1/ba
阿	a1/a4/a/e1
李	li3
标	biao1
谈	tan2
吃	chi1/ji2
图	tu2
念	nian4
六	liu4
引	yin3
历	li4
首	shou3
医	yi1
局	ju2
突	tu1
专	zhuan1
费	fei4
号	hao2/hao4
尽	jin3/jin4
另	ling4
周	zhou1
较	jiao4
注	zhu4
语	yu3/yu4
仅	jin3
考	kao3
落	la4/luo4
青	qing1
随	sui2
选	xuan3
列	lie4
武	wu3
红	hong2
响	xiang3
虽	sui1
推	tui1
势	shi4
参	can1/shen1
希	xi1
古	gu3
众	zhong4
构	gou4
房	fang2
半	ban4
节	jie2/jie1
土	tu3
投	tou2
某	mou3
案	an4
黑	hei1
维	wei2
革	ge2
划	hua2/hua4
敌	di2
致	zhi4
陈	chen2
律	lv4
足	zu2
态	tai4
护	hu4
七	qi1
兴	xing1/xing4
派	pai4
孩	hai2
验	yan4
责	ze2
营	ying2
星	xing1
够	gou4
章	zhang1
音	yin1
跟	gen1
志	zhi4
底	de/di3
站	zhan4
严	yan2
巴	ba1
例	li4
防	fang2
族	zu2
供	gong1/gong4
效	xiao4
续	xu4
施	shi1
留	liu2
讲	jiang3
型	xing2
料	liao4
终	zhong1
答	da1/da2
紧	jin3
黄	huang2
绝	jue2
奇	ji1/qi2
察	cha2
母	mu3
京	jing1
段	duan4
依	yi1
批	pi1
群	qun2
项	xiang4
故	gu4
按	an4
河	he2
米	mi3
围	wei2
江	jiang1
织	zhi1
害	hai4
斗	dou3/dou4
双	shuang1
境	jing4
客	ke4
纪	ji4
采	cai3/cai4
举	ju3
杀	sha1
攻	gong1
父	fu4
苏	su1
密	mi4
低	di1
朝	chao2/zhao1
友	you3
诉	su4
止	zhi3
细	xi4
愿	yuan4
千	qian1
值	zhi2
仍	reng2
男	nan2
钱	qian2
破	po4
网	wang3
热	re4
助	zhu4
倒	dao3/dao4
育	yu4
属	shu3/zhu3
坐	zuo4
帝	di4
限	xian4
船	chuan2
脸	lian3
职	zhi2
速	su4
刻	ke4
乐	le4/yue4
否	fou3/pi3
刚	gang1
威	wei1
毛	mao2
状	zhuang4
率	lv4/shuai4
甚	shen4
独	du2
球	qiu2
般	ban1
普	pu3
怕	pa4
弹	dan4/tan2
校	jiao4/xiao4
苦	ku3
创	chuang1/chuang4
假	jia3/jia4
久	jiu3
错	cuo4
承	cheng2
印	yin4
晚	wan3
兰	lan2
试	shi4
股	gu3
拿	na2
脑	nao3
预	yu4
谁	shei2/shui2
益	yi4
阳	yang2
若	ruo4
哪	na3/na/nei3
微	wei1
尼	ni2
继	ji4
送	song4
急	ji2
血	xie3/xue4
惊	jing1
伤	shang1
素	su4
药	yao4
适	shi4
波	bo1
夜	ye4
省	sheng3/xing3
初	chu1
喜	xi3
卫	wei4
源	yuan2
食	shi2/si4
险	xian3
待	dai1/dai4
述	shu4
陆	liu4/lu4
习	xi2
置	zhi4
居	ju1
劳	lao2
财	cai2
环	huan2
排	pai2/pai3
福	fu2
纳	na4
欢	huan1
雷	lei2
警	jing3
获	huo4
模	mo2
充	chong1
负	fu4
云	yun2
停	ting2
木	mu4
游	you2
龙	long2
树	shu4
疑	yi2
层	ceng2
冷	leng3
洲	zhou1
冲	chong1/chong4
射	she4
略	lve4
范	fan4
竟	jing4
句	ju4
室	shi4
异	yi4
激	ji1
汉	han4
村	cun1
哈	ha1/ha3
策	ce4
演	yan3
简	jian3
卡	ka3/qia3
罪	zui4
判	pan4
担	dan1/dan4
州	zhou1
静	jing4
退	tui4
既	ji4
衣	yi1/yi4
您	nin2
宗	zong1
积	ji1
余	yu2
痛	tong4
检	jian3
差	cha1/cha4/chai1/ci1
富	fu4
灵	ling2
协	xie2
角	jiao3/jue2
占	zhan1/zhan4
配	pei4
征	zheng1
修	xiu1
皮	pi2
挥	hui1
胜	sheng1/sheng4
降	jiang4/xiang2
阶	jie1
审	shen3
沉	chen2
坚	jian1
善	shan4
妈	ma1
刘	liu2
读	dou4/du2
啊	a1/a2/a3/a4/a
超	chao1
免	mian3
压	ya1/ya4
银	yin2
买	mai3
皇	huang2
养	yang3
伊	yi1
怀	huai2
执	zhi2
副	fu4
乱	luan4
抗	kang4
犯	fan4
追	zhui1
帮	bang1
宣	xuan1
佛	fo2/fu2
岁	sui4
航	hang2
优	you1
怪	guai4
香	xiang1
著	zhu4/zhe
田	tian2
铁	tie3
控	kong4
税	shui4
左	zuo3
右	you4
份	fen4
穿	chuan1
艺	yi4
背	bei1/bei4
阵	zhen4
草	cao3
脚	jiao3/jue2
概	gai4
恶	e3/e4/wu4
块	kuai1/kuai4
顿	dun4
敢	gan3
守	shou3
酒	jiu3
岛	dao3
托	tuo1
央	yang1
户	hu4
烈	lie4
洋	yang2
哥	ge1
索	suo3
胡	hu2
款	kuan3
靠	kao4
评	ping2
版	ban3
宝	bao3
座	zuo4
释	shi4
景	jing3
顾	gu4
弟	di4
登	deng1
货	huo4
互	hu4
付	fu4
伯	bo2
慢	man4
欧	ou1
换	huan4
闻	wen2
危	wei1
忙	mang2
核	he2
暗	an4
姐	jie3
介	jie4
坏	huai4
讨	tao3
丽	li2/li4
良	liang2
序	xu4
升	sheng1
监	jian1/jian4
临	lin2
亮	liang4
露	lu4/lou4
永	yong3
呼	hu1
味	wei4
野	ye3
架	jia4
域	yu4
沙	sha1
掉	diao4
括	kuo4
舰	jian4
鱼	yu2
杂	za2
误	wu4
湾	wan1
吉	ji2
减	jian3
编	bian1
楚	chu3
肯	ken3
测	ce4
败	bai4
屋	wu1
跑	pao3
梦	meng4
散	san3/san4
温	wen1
困	kun3/kun4
剑	jian4
渐	jian1/jian4
封	feng1
救	jiu4
贵	gui4
枪	qiang1
缺	que1
楼	lou2
县	xian4
尚	shang4
毫	hao2
移	yi2
娘	niang2
朋	peng2
画	hua4
班	ban1
智	zhi4
亦	yi4
耳	er3
恩	en1
短	duan3
掌	zhang3
恐	kong3
遗	yi2
固	gu4
席	xi2
松	song1
秘	mi4
谢	xie4
鲁	lu3
遇	yu4
康	kang1
虑	lv4
幸	xing4
均	jun1
销	xiao1
钟	zhong1
诗	shi1
藏	cang2/zang4
赶	gan3
剧	ju4
票	piao4
损	sun3
忽	hu1
巨	ju4
炮	pao4
旧	jiu4
端	duan1
探	tan4
湖	hu2
录	lu4
叶	ye4
春	chun1
乡	xiang1
附	fu4
吸	xi1
予	yu2/yu3
礼	li3
港	gang3
雨	yu3
呀	ya/ya1
板	ban3
庭	ting2
妇	fu4
归	gui1
睛	jing1
饭	fan4
额	e2
含	han2
顺	shun4
输	shu1
摇	yao2
招	zhao1
婚	hun1
脱	tuo1
补	bu3
谓	wei4
督	du1
毒	du2
油	you2
疗	liao2
旅	lv3
泽	ze2
材	cai2
灭	mie4
逐	zhu2
莫	mo4
笔	bi3
亡	wang2
鲜	xian1/xian3
词	ci2
圣	sheng4
择	ze2/zhai2
寻	xun2
厂	chang3
睡	shui4
博	bo2
勒	le4/lei1
烟	yan1
授	shou4
诺	nuo4
伦	lun2
岸	an4
奥	ao4
唐	tang2
卖	mai4
俄	e2
炸	zha2/zha4
载	zai3/zai4
洛	luo4
健	jian4
堂	tang2
旁	pang2
宫	gong1
喝	he1/he4
借	jie4
君	jun1
禁	jin1/jin4
阴	yin1
园	yuan2
谋	mou2
宋	song4
避	bi4
抓	zhua1
荣	rong2
姑	gu1
孙	sun1
逃	tao2
牙	ya2
束	shu4
跳	tiao4
顶	ding3
玉	yu4
镇	zhen4
雪	xue3
午	wu3
练	lian4
迫	po4
爷	ye2
篇	pian1
肉	rou4
嘴	zui3
馆	guan3
遍	bian4
凡	fan2
础	chu3
洞	dong4
卷	juan3/juan4
坦	tan3
牛	niu2
宁	ning2
纸	zhi3
诸	zhu1
训	xun4
私	si1
庄	zhuang1
祖	zu3
丝	si1
翻	fan1
暴	bao4
森	sen1
塔	ta3
默	mo4
握	wo4
戏	xi4
隐	yin3
熟	shu2
骨	gu3
访	fang3
弱	ruo4
蒙	meng1/meng2/meng3
歌	ge1
店	dian4
鬼	gui3
软	ruan3
典	dian3
欲	yu4
萨	sa4
伙	huo3
遭	zao1
盘	pan2
爸	ba4
扩	kuo4
盖	gai4/ge3
弄	long4/nong4
雄	xiong2
稳	wen3
忘	wang4
亿	yi4
刺	ci4
拥	yong1
徒	tu2
姆	mu3
杨	yang2
齐	qi2
赛	sai4
趣	qu4
曲	qu1/qu3
刀	dao1
床	chuang2
迎	ying2
冰	bing1
虚	xu1
玩	wan2/wan4
析	xi1
窗	chuang1
醒	xing3
妻	qi1/qi4
透	tou4
购	gou4
替	ti4
塞	sai1/sai4/se4
努	nu3
休	xiu1
虎	hu3
扬	yang2
途	tu2
侵	qin1
刑	xing2
绿	lv4
兄	xiong1
迅	xun4
套	tao4
贸	mao4
毕	bi4
唯	wei2/wei3
谷	gu3/yu4
轮	lun2
库	ku4
迹	ji1/ji4
尤	you2
竞	jing4
街	jie1
促	cu4
延	yan2
震	zhen4
弃	qi4
甲	jia3
伟	wei3
麻	ma2
川	chuan1
申	shen1
缓	huan3
潜	qian2
闪	shan3
售	shou4
灯	deng1
针	zhen1
哲	zhe2
络	lao4/luo4
抵	di3
朱	zhu1
埃	ai1
抱	bao4
鼓	gu3
植	zhi2
纯	chun2
夏	xia4
忍	ren3
页	ye4
杰	jie2
筑	zhu2/zhu4
折	she2/zhe2
郑	zheng4
贝	bei4
尊	zun1
吴	wu2
秀	xiu4
混	hun2/hun4
臣	chen2
雅	ya3
振	zhen4
染	ran3
盛	cheng2/sheng4
怒	nu4
舞	wu3
圆	yuan2
搞	gao3
狂	kuang2
措	cuo4
姓	xing4
残	can2
秋	qiu1
培	pei2
迷	mi2
诚	cheng2
宽	kuan1
宇	yu3
猛	meng3
摆	bai3
梅	mei2
毁	hui3
伸	shen1
摩	mo2
盟	meng2
末	mo4
乃	nai3
悲	bei1
拍	pai1
丁	ding1
赵	zhao4
硬	ying4
麦	mai4
蒋	jiang3
操	cao1
耶	ye1
阻	zu3
订	ding4
彩	cai3
抽	chou1
赞	zan4
魔	mo2
纷	fen1
沿	yan2/yan4
喊	han3
违	wei2
妹	mei4
浪	lang4
汇	hui4
币	bi4
丰	feng1
蓝	la/lan2
殊	shu1
献	xian4
桌	zhuo1
啦	la1/la
瓦	wa3
莱	lai2
援	yuan2
译	yi4
夺	duo2
汽	qi4
烧	shao1
距	ju4
裁	cai2
偏	pian1
符	fu2
勇	yong3
触	chu4
课	ke4
敬	jing4
哭	ku1
懂	dong3
墙	qiang2
袭	xi2
召	shao4/zhao4
罚	fa2
侠	xia2
厅	ting1
拜	bai4
巧	qiao3
侧	ce4/zhai1
韩	han2
冒	mao4
债	zhai4
曼	man4
融	rong2
惯	guan4
享	xiang3
戴	dai4
童	tong2
犹	you2
乘	cheng2
挂	gua4
奖	jiang3
绍	shao4
厚	hou4
纵	zong1/zong4
障	zhang4
讯	xun4
涉	she4
彻	che4
刊	kan1
丈	zhang4
爆	bao4
乌	wu1
役	yi4
描	miao2
洗	xi3
玛	ma3
患	huan4
妙	miao4
镜	jing4
唱	chang4
烦	fan2
签	qian1
仙	xian1
彼	bi3
弗	fu2
症	zheng1/zheng4
仿	fang3
倾	qing1
牌	pai2
陷	xian4
鸟	niao3
轰	hong1
咱	za2/zan2
菜	cai4
闭	bi4
奋	fen4
庆	qing4
撤	che4
泪	lei4
茶	cha2
疾	ji2
缘	yuan2
播	bo1
朗	lang3
杜	du4
奶	nai3
季	ji4
丹	dan1
狗	gou3
尾	wei3
仪	yi2
偷	tou1
奔	ben1/ben4
珠	zhu1
虫	chong2
驻	zhu4
孔	kong3
宜	yi2
艾	ai4
桥	qiao2
淡	dan4
翼	yi4
恨	hen4
繁	fan2
寒	han2
伴	ban4
叹	tan4
旦	dan4
愈	yu4
潮	chao2
粮	liang2
缩	suo1
罢	ba4/ba
聚	ju4
径	jing4
恰	qia4
挑	tiao1/tiao3
袋	dai4
灰	hui1
捕	bu3
徐	xu2
珍	zhen1
幕	mu4
映	ying4
裂	lie4
泰	tai4
隔	ge2
启	qi3
尖	jian1
忠	zhong1
累	lei2/lei3/lei4
炎	yan2
暂	zan4
估	gu1/gu4
泛	fan4
荒	huang1
偿	chang2
横	heng2/heng4
拒	ju4
瑞	rui4
忆	yi4
孤	gu1
鼻	bi2
闹	nao4
羊	yang2
呆	dai1
厉	li4
衡	heng2
胞	bao1
零	ling2
穷	qiong2
舍	she3/she4
码	ma3
赫	he4
婆	po2
魂	hun2
灾	zai1
洪	hong2
腿	tui3
胆	dan3
津	jin1
俗	su2
辩	bian4
胸	xiong1
晓	xiao3
劲	jin4/jing4
贫	pin2
仁	ren2
偶	ou3
辑	ji2
邦	bang1
恢	hui1
赖	lai4
圈	juan1/juan4/quan1
摸	mo1/mo2
仰	yang3
润	run4
堆	dui1
碰	peng4
艇	ting3
稍	shao1
迟	chi2
辆	liang4
废	fei4
净	jing4
凶	xiong1
署	shu3
壁	bi4
御	yu4
奉	feng4
旋	xuan2/xuan4
冬	dong1
矿	kuang4
抬	tai2
蛋	dan4
晨	chen2
伏	fu2
吹	chui1
鸡	ji1
倍	bei4
糊	hu2/hu4
秦	qin2
盾	dun4
杯	bei1
租	zu1
骑	qi2
乏	fa2
隆	long1/long2
诊	zhen3
奴	nu2
摄	she4
丧	sang1/sang4
污	wu1
渡	du4
旗	qi2
甘	gan1
耐	nai4
凭	ping2
扎	za1/zha1/zha2
抢	qiang1/qiang3
绪	xu4
粗	cu1
肩	jian1
梁	liang2
幻	huan4
菲	fei1
皆	jie1
碎	sui4
宙	zhou4
叔	shu1
岩	yan2
荡	dang4
综	zong1
爬	pa2
荷	he2/he4
悉	xi1
蒂	di4
返	fan3
井	jing3
壮	zhuang4
薄	bo2/bo4/bao2
悄	qiao3/qiao1
扫	sao3/sao4
敏	min3
碍	ai4
殖	zhi2
详	xiang2
迪	di2
矛	mao2
霍	huo4
允	yun3
幅	fu2
撒	sa1/sa3
剩	sheng4
凯	kai3
颗	ke1
骂	ma4
赏	shang3
液	ye4
番	fan1/pan1
箱	xiang1
贴	tie1
漫	man4
酸	suan1
郎	lang2
腰	yao1
舒	shu1
眉	mei2
忧	you1
浮	fu2
辛	xin1
恋	lian4
餐	can1
吓	xia4
挺	ting3
励	li4
辞	ci2
艘	sao1/sou1
键	jian4
伍	wu3
峰	feng1
尺	chi3
昨	zuo2
黎	li2
辈	bei4
贯	guan4
侦	zhen1
滑	gu3/hua2
券	quan4
崇	chong2
扰	rao3
宪	xian4
绕	rao4
趋	qu1
慈	ci2
乔	qiao2
阅	yue4
汗	han4
枝	zhi1
拖	tuo1
墨	mo4
胁	xie2
插	cha1
箭	jian4
腊	la4
粉	fen3
泥	ni2/ni4
氏	shi4
彭	peng2
拔	ba2
骗	pian4
凤	feng4
慧	hui4
媒	mei2
佩	pei4
愤	fen4
扑	pu1
龄	ling2
驱	qu1
惜	xi1
豪	hao2
掩	yan3
兼	jian1
跃	yue4
尸	shi1
肃	su4
帕	pa4
驶	shi3
堡	bao3/pu4
届	jie4
欣	xin1
惠	hui4
册	ce4
储	chu3
飘	piao1
桑	sang1
闲	xian2
惨	can3
洁	jie2
踪	zong1
勃	bo2
宾	bin1
频	pin2
仇	chou2/qiu2
磨	mo2/mo4
递	di4
邪	xie2
撞	zhuang4
拟	ni3
滚	gun3
奏	zou4
巡	xun2
颜	yan2
剂	ji4
绩	ji1/ji4
贡	gong4
疯	feng1
坡	po1
瞧	qiao2
截	jie2
燃	ran2
焦	jiao1
殿	dian4
伪	wei3
柳	liu3
锁	suo3
逼	bi1
颇	po1
昏	hun1
劝	quan4
呈	cheng2
搜	sou1
勤	qin2
戒	jie4
驾	jia4
漂	piao1/piao3/piao4
饮	yin3
曹	cao2
朵	duo3
仔	zi1/zi3/zai3
柔	rou2
俩	lia3/liang3
孟	meng4
腐	fu3
幼	you4
践	jian4
籍	ji2
牧	mu4
凉	liang2
牲	sheng1
佳	jia1
娜	nuo2/na4
浓	nong2
芳	fang1
稿	gao3
竹	zhu2
腹	fu4
跌	die1
逻	luo2
垂	chui2
遵	zun1
脉	mai4
貌	mao4
柏	bai3/bo4
狱	yu4
猜	cai1
怜	lian2
惑	huo4
陶	tao2
兽	shou4
帐	zhang4
饰	shi4
贷	dai4
昌	chang1
叙	xu4
躺	tang3
钢	gang1
沟	gou1
寄	ji4
扶	fu2
铺	pu1/pu4
邓	deng4
寿	shou4
惧	ju4
询	xun2
汤	tang1
盗	dao4
肥	fei2
尝	chang2
匆	cong1
辉	hui1
奈	nai4
扣	kou4
廷	ting2
澳	ao4
嘛	ma
董	dong3
迁	qian1
凝	ning2
慰	wei4
厌	yan4
脏	zang1/zang4
腾	teng2
幽	you1
怨	yuan4
鞋	xie2
丢	diu1
埋	mai2/man2
泉	quan2
涌	yong3
辖	xia2
躲	duo3
晋	jin4
紫	zi3
艰	jian1
魏	wei4
吾	wu2
慌	huang1
祝	zhu4
邮	you2
吐	tu3/tu4
狠	hen3
鉴	jian4
曰	yue1
械	xie4
咬	yao3
邻	lin2
赤	chi4
挤	ji3
弯	wan1
椅	yi3
陪	pei2
割	ge1
揭	jie1
韦	wei2
悟	wu4
聪	cong1
雾	wu4
锋	feng1
梯	ti1
猫	mao1
祥	xiang2
阔	kuo4
誉	yu4
筹	chou2
丛	cong2
牵	qian1
鸣	ming2
沈	chen2/shen3
阁	ge2
穆	mu4
屈	qu1
旨	zhi3
袖	xiu4
猎	lie4
臂	bi4
蛇	she2
贺	he4
柱	zhu4
抛	pao1
鼠	shu3
瑟	se4
戈	ge1
牢	lao2
逊	xun4
迈	mai4
欺	qi1
吨	dun1/dun4
琴	qin2
衰	cui1/shuai1
瓶	ping2
恼	nao3
燕	yan1/yan4
仲	zhong4
诱	you4
狼	lang2
池	chi2
疼	teng2
卢	lu2
仗	zhang4
冠	guan1/guan4
粒	li4
遥	yao2
吕	lv3
玄	xuan2
尘	chen2
冯	feng2
抚	fu3
浅	jian1/qian3
敦	dun1
纠	jiu1
钻	zuan1/zuan4
晶	jing1
岂	qi3
峡	xia2
苍	cang1
喷	pen1/pen4
耗	hao4
凌	ling2
敲	qiao1
菌	jun1/jun4
赔	pei2
涂	tu2
粹	cui4
扁	bian3/pian1
亏	kui1
寂	ji4
煤	mei2
熊	xiong2
恭	gong1
湿	shi1
循	xun2
暖	nuan3
糖	tang2
赋	fu4
抑	yi4
秩	zhi4
帽	mao4
哀	ai1
宿	su4/xiu3/xiu4
踏	ta4
烂	lan4
袁	yuan2
侯	hou2
抖	dou3
夹	jia1/jia2
昆	kun1
肝	gan1
擦	ca1
猪	zhu1
炼	lian4
恒	heng2
慎	shen4
搬	ban1
纽	niu3
纹	wen2
玻	bo1
渔	yu2
磁	ci2
铜	tong2
齿	chi3
跨	kua4
押	ya1
怖	bu4
漠	mo4
疲	pi2
叛	pan4
遣	qian3
兹	zi1
祭	ji4/zhai4
醉	zui4
拳	quan2
弥	mi2
斜	xie2
档	dang4
稀	xi1
捷	jie2
肤	fu1
疫	yi4
肿	zhong3
豆	dou4
削	xiao1/xue1
岗	gang3
晃	huang3/huang4
吞	tun1
宏	hong2
癌	ai2/yan2
肚	du3/du4
隶	li4
履	lv3
涨	zhang3/zhang4
耀	yao4
扭	niu3
坛	tan2
拨	bo1
沃	wo4
绘	hui4
伐	fa2
堪	kan1
仆	pu1/pu2
郭	guo1
牺	xi1
歼	jian1
墓	mu4
雇	gu4
廉	lian2
契	qi4
拼	pin1
惩	cheng2
捉	zhuo1
覆	fu4
刷	shua1/shua4
劫	jie2
嫌	xian2
瓜	gua1
歇	xie1
雕	diao1
闷	men1/men4
乳	ru3
串	chuan4
娃	wa2
缴	jiao3
唤	huan4
赢	ying2
莲	lian2
霸	ba4
桃	tao2
妥	tuo3
瘦	shou4
搭	da1
赴	fu4
岳	yue4
嘉	jia1
舱	cang1
俊	jun4
址	zhi3
庞	pang2
耕	geng1
锐	rui4
缝	feng2/feng4
悔	hui3
邀	yao1
玲	ling2
惟	wei2
斥	chi4
宅	zhai2
添	tian1
挖	wa1
呵	a1/he1
讼	song4
氧	yang3
浩	hao4
羽	yu3
斤	jin1
酷	ku4
掠	lve4/lve3
妖	yao1
祸	huo4
侍	shi4
乙	yi3
妨	fang2
贪	tan1
挣	zheng1/zheng4
汪	wang1
尿	sui1/niao4
莉	li4
悬	xuan2
唇	chun2
翰	han4
仓	cang1
轨	gui3
枚	mei2
盐	yan2
览	lan3
傅	fu4
帅	shuai4
庙	miao4
芬	fen1
屏	bing3/ping2
寺	si4
胖	pang4
璃	li2
愚	yu2
滴	di1
疏	shu1
萧	xiao1
姿	zi1
颤	zhan4/chan4
丑	chou3
劣	lie4
柯	ke1
寸	cun4
扔	reng1
盯	ding1
辱	ru3
匹	pi1/pi3
俱	ju1/ju4
辨	bian4
饿	e4
蜂	feng1
哦	e2/o2/o4
腔	qiang1
郁	yu4
溃	kui4
谨	jin3
糟	zao1
葛	ge2/ge3
苗	miao2
肠	chang2
忌	ji4
溜	liu1
鸿	hong2
爵	jue2
鹏	peng2
鹰	ying1
笼	long2
丘	qiu1
桂	gui4
滋	zi1
聊	liao2
挡	dang3/dang4
纲	gang1
肌	ji1
茨	ci2
壳	ke2/qiao4
痕	hen2
碗	wan3
穴	xue2
膀	bang3/bang4/pang1/pang2
卓	zhuo2
贤	xian2
卧	wo4
膜	mo2
毅	yi4
锦	jin3
欠	qian4
哩	li1/li3/li
函	han2
茫	mang2
昂	ang2
薛	xue1
皱	zhou4
夸	kua1
豫	yu4
胃	wei4
舌	she2
剥	bo1/bao1
傲	ao4
拾	shi2
窝	wo1
睁	zheng1
携	xie2
陵	ling2
哼	heng1/hng
棉	mian2
晴	qing2
铃	ling2
填	tian2
饲	si4
渴	ke3
吻	wen3
扮	ban4
逆	ni4
脆	cui4
喘	chuan3
罩	zhao4
卜	bo/bu3
炉	lu2
柴	chai2
愉	yu2
绳	sheng2
胎	tai1
蓄	xu4
眠	mian2
竭	jie2
喂	wei4
傻	sha3
慕	mu4
浑	hun2
奸	jian1
扇	shan1/shan4
柜	gui4/ju3
悦	yue4
拦	lan2
诞	dan4
饱	bao3
乾	gan1/qian2
泡	pao1/pao4
贼	zei2
亭	ting2
夕	xi1/xi4
爹	die1
酬	chou2
儒	ru2
姻	yin1
卵	luan3
氛	fen1
泄	xie4
杆	gan1/gan3
挨	ai1/ai2
僧	seng1
蜜	mi4
吟	yin2
猩	xing1
遂	sui4/sui2
狭	xia2
肖	xiao4/xiao1
甜	tian2
霞	xia2
驳	bo2
裕	yu4
顽	wan2
於	yu1/yu2
摘	zhai1
矮	ai3
秒	miao3
卿	qing1
畜	chu4/xu4
咽	yan1/yan4/ye4
披	pi1
辅	fu3
勾	gou1/gou4
盆	pen2
疆	jiang1
赌	du3
塑	su4
畏	wei4
吵	chao3
囊	nang2
嗯	en1/ng/en4
泊	bo2
肺	fei4
骤	zhou4
缠	chan2
冈	gang1
羞	xiu1
瞪	deng4
吊	diao4
贾	gu3/jia3
漏	lou4
斑	ban1
涛	tao1
悠	you1
鹿	lu4
俘	fu2
锡	xi2/xi1
卑	bei1
葬	zang4
铭	ming2
滩	tan1
嫁	jia4
催	cui1
璇	xuan2
翅	chi4
盒	he2
蛮	man2
矣	yi3
潘	pan1
歧	qi2
赐	ci4
鲍	bao4
锅	guo1
廊	lang2
拆	chai1
灌	guan4
勉	mian3
盲	mang2
宰	zai3
佐	zuo3
啥	sha2
胀	zhang4
扯	che3
禧	xi3
辽	liao2
抹	mo3/mo4
筒	tong3
棋	qi2
裤	ku4
唉	ai1/ai4
朴	po4/pu3
咐	fu4
孕	yun4
誓	shi4
喉	hou2
妄	wang4
拘	ju1
链	lian4
驰	chi2
栏	lan2
逝	shi4
窃	qie4
艳	yan4
臭	chou4/xiu4
纤	qian4/xian1
玑	ji1
棵	ke1
趁	chen4
匠	jiang4
盈	ying2
翁	weng1
愁	chou2
瞬	shun4
婴	ying1
孝	xiao4
颈	jing3
倘	tang3
浙	zhe4
谅	liang4
蔽	bi4
畅	chang4
赠	zeng4
妮	ni1
莎	sha1/suo1
尉	wei4
冻	dong4
跪	gui4
闯	chuang3
葡	pu2
後	hou4
厨	chu2
鸭	ya1
颠	dian1
遮	zhe1
谊	yi4
圳	zhen4
吁	xu1/yu4
仑	lun2
辟	bi4/pi4
瘤	liu2
嫂	sao3
陀	tuo2
框	kuang4
谭	tan2
亨	heng1
钦	qin1
庸	yong1
歉	qian4
芝	zhi1
吼	hou3
甫	fu3/bu/pu
衫	shan1
摊	tan1
宴	yan4
嘱	zhu3
衷	zhong1
娇	jiao1
陕	shan3
矩	ju3
浦	pu3
讶	ya4
耸	song3
裸	luo3
碧	bi4
摧	cui1
薪	xin1
淋	lin4/lin2
耻	chi3
胶	jiao1
屠	tu2
鹅	e2
饥	ji1
盼	pan4
脖	bo2
虹	hong2/jiang4
翠	cui4
崩	beng1
账	zhang4
萍	ping2
逢	feng2
赚	zhuan4/zuan4
撑	cheng1
翔	xiang2
倡	chang4
绵	mian2
猴	hou2
枯	ku1
巫	wu1
昭	zhao1
怔	zheng1
渊	yuan1
凑	cou4
溪	qi1/xi1
蠢	chun3
禅	chan2/shan4
阐	chan3
旺	wang4
寓	yu4
藤	teng2
匪	fei3
伞	san3
碑	bei1
挪	nuo2
琼	qiong2
脂	zhi1
谎	huang3
慨	kai3
菩	pu2
萄	tao2
狮	shi1
掘	jue2
抄	chao1
岭	ling3
晕	yun1/yun4
逮	dai3/dai4
砍	kan3
掏	tao1
狄	di2
晰	xi1
罕	han3
挽	wan3
脾	pi2
舟	zhou1
痴	chi1
蔡	cai4
剪	jian3
脊	ji3
弓	gong1
懒	lan3
叉	cha1/cha2/cha3
拐	guai3
喃	nan2
僚	liao2
捐	juan1
姊	zi3
骚	sao1
拓	ta4/tuo4
歪	wai1
粘	nian2/zhan1
柄	bing3
坑	keng1
陌	mo4
窄	zhai3
湘	xiang1
兆	zhao4
崖	ya2
骄	jiao1
刹	cha4/sha1
鞭	bian1
芒	mang2
筋	jin1
聘	pin4
钩	gou1
棍	gun4
嚷	rang3
腺	xian4
弦	xian2
焰	yan4
耍	shua3
俯	fu3
厘	li2
愣	leng4
厦	sha4/xia4
恳	ken3
饶	rao2
钉	ding1/ding4
寡	gua3
憾	han4
摔	shuai1
叠	die2
惹	re3
喻	yu4
谱	pu3
愧	kui4
煌	huang2
徽	hui1
溶	rong2
坠	zhui4
煞	sha1/sha4
巾	jin1
滥	lan4
洒	sa3
堵	du3
瓷	ci2
咒	zhou4
姨	yi2
棒	bang4
郡	jun4
浴	yu4
媚	mei4
稣	su1
淮	huai2
哎	ai1
屁	pi4
漆	qi1
淫	yin2
巢	chao2
吩	fen1
撰	zhuan4
啸	xiao4
滞	zhi4
玫	mei2
硕	shuo4
钓	diao4
蝶	die2
膝	xi1
姚	yao2
茂	mao4
躯	qu1
吏	li4
猿	yuan2
寨	zhai4
恕	shu4
渠	qu2
戚	qi1
辰	chen2
舶	bo2
颁	ban1
惶	huang2
狐	hu2
讽	feng4/feng3
笨	ben4
袍	pao2
嘲	chao2/zhao1
啡	fei1
泼	po1
衔	xian2
倦	juan4
涵	han2
雀	qiao1/qiao3/que4
旬	xun2
僵	jiang1
撕	si1
肢	zhi1
垄	long3
夷	yi2
逸	yi4
茅	mao2
侨	qiao2
舆	yu2
窑	yao2
涅	nie4
蒲	pu2
谦	qian1
杭	hang2
噢	o1
弊	bi4
勋	xun1
刮	gua1
郊	jiao1
凄	qi1
捧	peng3
浸	jin4
砖	zhuan1
鼎	ding3
篮	lan2
蒸	zheng1
饼	bing3
亩	mu3
肾	shen4
陡	dou3
爪	zhua3/zhao3
兔	tu4
殷	yan1/yin1/yin3
贞	zhen1
荐	jian4
哑	ya1/ya3
炭	tan4
坟	fen2
眨	zha3
搏	bo2
咳	hai1/ke2
拢	long3
舅	jiu4
昧	mei4
擅	shan4
爽	shuang3
咖	ka1
搁	ge1
禄	lu4
雌	ci2
哨	shao4
巩	gong3
绢	juan4
螺	luo2
裹	guo3
昔	xi1
轩	xuan1
谬	miu4
谍	die2
龟	gui1
媳	xi2
姜	jiang1
瞎	xia1
冤	yuan1
鸦	ya1
蓬	peng2
巷	xiang4
琳	lin2
栽	zai1
沾	zhan1
诈	zha4
斋	zhai1
瞒	man2
彪	biao1
厄	e4
咨	zi1
纺	fang3
罐	guan4
桶	tong3
壤	rang3
糕	gao1
颂	song4
膨	peng2
谐	xie2
垒	lei3
咕	gu1
隙	xi4
辣	la4
绑	bang3
宠	chong3
嘿	hei1
兑	dui4
霉	mei2
挫	cuo4
稽	ji1/qi3
辐	fu2
乞	qi3
纱	sha1
裙	qun2
嘻	xi1
哇	wa1/wa
绣	xiu4
杖	zhang4
塘	tang2
衍	yan3
轴	zhou2/zhu2
攀	pan1
膊	bo2
譬	pi4
斌	bin1
祈	qi2
踢	ti1
肆	si4
坎	kan3
轿	jiao4
棚	peng2
泣	qi4
屡	lv3
躁	zao4
邱	qiu1
凰	huang2
溢	yi4
椎	chui2/zhui1
砸	za2
趟	tang4
帘	lian2
帆	fan1
栖	qi1/xi1
窜	cuan4
丸	wan2
斩	zhan3
堤	di1
塌	ta1
贩	fan4
厢	xiang1
掀	xian1
喀	ka1
乖	guai1
谜	mi2
捏	nie1
阎	yan2
滨	bin1
虏	lu3
匙	chi2/shi
芦	lu2
苹	pin2/ping2
卸	xie4
沼	zhao3
钥	yao4/yue4
株	zhu1
祷	dao3
剖	pou1
熙	xi1
哗	hua1/hua2
劈	pi1/pi3
怯	qie4
棠	tang2
胳	ge1
桩	zhuang1
瑰	gui1
娱	yu2
娶	qu3
沫	mo4
嗓	sang3
蹲	dun1
焚	fen2
淘	tao2
嫩	nen4
韵	yun4
衬	chen4
匈	xiong1
钧	jun1
竖	shu4
峻	jun4
豹	bao4
捞	lao1
菊	ju2
鄙	bi3
魄	po4
兜	dou1
哄	hong1/hong3/hong4
颖	ying3
镑	bang4
屑	xie4
蚁	yi3
壶	hu2
怡	yi2
渗	shen4
秃	tu1
迦	jia1
旱	han4
哟	yo/yo1
咸	xian2
焉	yan1
谴	qian3
宛	wan3
稻	dao4
铸	zhu4
锻	duan4
伽	qie2/ga1
詹	zhan1
毙	bi4
恍	huang3
贬	bian3
烛	zhu2
骇	hai4
芯	xin1
汁	zhi1
桓	huan2
坊	fang1
驴	lv2
朽	xiu3
靖	jing4
佣	yong1/yong4
汝	ru3
碌	lu4
迄	qi4
冀	ji4
荆	jing1
崔	cui1
雁	yan4
绅	shen1
珊	shan1
榜	bang3
诵	song4
傍	bang1/bang4
彦	yan4
醇	chun2
笛	di2
禽	qin2
勿	wu4
娟	juan1
瞄	miao2
幢	chuang2/zhuang4
寇	kou4
睹	du3
贿	hui4
踩	cai3
霆	ting2
呜	wu1
拱	gong3
妃	fei1
蔑	mie4
谕	yu4
缚	fu2/fu4
诡	gui3
篷	peng2
淹	yan1
腕	wan4
煮	zhu3
倩	qian4
卒	cu4/zu2
勘	kan1
馨	xin1
逗	dou4
甸	dian4
贱	jian4
炒	chao3
灿	can4
敞	chang3
蜡	la4
囚	qiu2
栗	li4
辜	gu1
垫	dian4
妒	du4
魁	kui2
谣	yao2
寞	mo4
蜀	shu3
甩	shuai3
涯	ya2
枕	zhen3
丐	gai4
泳	yong3
奎	kui2
泌	bi4/mi4
逾	yu2
叮	ding1
黛	dai4
燥	zao4
掷	zhi4
藉	ji2/jie4
枢	shu1
憎	zeng1
鲸	jing1
弘	hong2
倚	yi3
侮	wu3
藩	fan1
拂	fu2
鹤	he4
蚀	shi2
浆	jiang1/jiang4
芙	fu2
垃	la1
烤	kao3
晒	shai4
霜	shuang1
剿	chao1/jiao3
蕴	yun4
圾	ji1
绸	chou2
屿	yu3
氢	qing1
驼	tuo2
妆	zhuang1
捆	kun3
铅	qian1
逛	guang4
淑	shu1
榴	liu2
丙	bing3
痒	yang3
钞	chao1
蹄	ti2
犬	quan3
躬	gong1
昼	zhou4
藻	zao3
蛛	zhu1
褐	he4
颊	jia2
奠	dian4
募	mu4
耽	dan1
蹈	dao3
陋	lou4
侣	lv3
魅	mei4
岚	lan2
侄	zhi2
虐	nve4
堕	duo4
陛	bi4
莹	ying2
荫	yin4/yin1
狡	jiao3
阀	fa2
绞	jiao3
膏	gao1
垮	kua3
茎	jing1
缅	mian3
喇	la1/la3
绒	rong2
搅	jiao3
凳	deng4
梭	suo1
丫	ya1
姬	ji1
诏	zhao4
钮	niu3
棺	guan1
耿	geng3
缔	di4
懈	xie4
嫉	ji2
灶	zao4
匀	yun2
嗣	si4
鸽	ge1
澡	zao3
凿	zao2/zuo4
纬	wei3
沸	fei4
畴	chou2
刃	ren4
遏	e4
烁	shuo4
嗅	xiu4
叭	ba1
熬	ao1/ao2
瞥	pie1
骸	hai2
奢	she1
拙	zhuo2/zhuo1
栋	dong4
毯	tan3
桐	tong2
砂	sha1
莽	mang3
泻	xie4
坪	ping2
梳	shu1
杉	sha1/shan1
晤	wu4
稚	zhi4
蔬	shu1
蝇	ying2
捣	dao3
顷	qing3
麽	mo2/me
尴	gan1
镖	biao1
诧	cha4
尬	ga4
硫	liu2
嚼	jiao2/jue2
羡	xian4
沦	lun2
沪	hu4
旷	kuang4
彬	bin1
芽	ya2
狸	li2
冥	ming2
碳	tan4
咧	lie1/lie3
惕	ti4
暑	shu3
咯	ge1/lo/luo4
萝	luo2
汹	xiong1
腥	xing1
窥	kui1
俺	an3
潭	tan2
崎	qi2
麟	lin2
捡	jian3
拯	zheng3
厥	jue2
澄	cheng2/deng4
萎	wei1/wei3
哉	zai1
涡	guo1/wo1
滔	tao1
暇	xia2
溯	su4
鳞	lin2
酿	niang4
茵	yin1
愕	e4
瞅	chou3
暮	mu4
衙	ya2
诫	jie4
斧	fu3
兮	xi1
焕	huan4
棕	zong1
佑	you4
嘶	si1
妓	ji4
喧	xuan1
蓉	rong2
删	shan1
樱	ying1
伺	ci4/si4
嗡	weng1
娥	e2
梢	shao1
坝	ba4
蚕	can2
敷	fu1
澜	lan2
杏	xing4
绥	sui2
冶	ye3
庇	bi4
挠	nao2
搂	lou1/lou3
倏	shu1
聂	nie4
婉	wan3
噪	zao4
稼	jia4
鳍	qi2
菱	ling2
盏	zhan3
匿	ni4
吱	zi1
寝	qin3
揽	lan3
髓	sui3
秉	bing3
哺	bu1/bu3
矢	shi3
啪	pa1
帜	zhi4
邵	shao4
嗽	sou4
挟	jia1/xie2
缸	gang1
揉	rou2
腻	ni4
驯	xun2/xun4
缆	lan4/lan3
晌	shang3
瘫	tan1
贮	zhu4
觅	mi4
朦	meng2
僻	pi4
隋	sui2
蔓	man2/man4
咋	ze2/zha4/za3
嵌	qian4
虔	qian2
畔	pan4
琐	suo3
碟	die2
涩	se4
胧	long2
嘟	du1
蹦	beng4
冢	zhong3
浏	liu2
裔	yi4
襟	jin1
叨	dao1/tao1
诀	jue2
旭	xu4
虾	xia1
簿	bu4
啤	pi2
擒	qin2
枣	zao3
嘎	ga2/ga1
苑	yuan4
牟	mou2
呕	ou3
骆	luo4
凸	tu1
熄	xi1
兀	wu4/wu1
喔	o1/wo1
裳	chang2/shang
凹	ao1
赎	shu2
屯	tun2/zhun1
膛	tang2
浇	jiao1
灼	zhuo2
裘	qiu2
砰	peng1
棘	ji2
橡	xiang4
碱	jian3
聋	long2
姥	lao3/mu3
瑜	yu2
毋	wu2
娅	ya4
沮	ju3
萌	meng2
俏	qiao4
黯	an4
撇	pie1/pie3
粟	su4
粪	fen4
尹	yin3
苟	gou3
癫	dian1
蚂	ma1/ma3/ma4
禹	yu3
廖	liao4
俭	jian3
帖	tie1/tie3/tie4
煎	jian1
缕	lv3
窦	dou4
簇	cu4
棱	leng2
叩	kou4
呐	na4/ne/na
瑶	yao2
墅	shu4
莺	ying1
烫	tang4
蛙	wa1
歹	dai3
伶	ling2
葱	cong1
哮	xiao1
眩	xuan4
坤	kun1
廓	kuo4
讳	hui4
啼	ti2
乍	zha4
瓣	ban4
矫	jiao3
跋	ba2
枉	wang3
梗	geng3
厕	ce4
琢	zhuo2
讥	ji1
釉	you4
窟	ku1
敛	lian3
轼	shi4
庐	lu2
胚	pei1
呻	shen1
绰	chuo4/chao1
扼	e4
懿	yi4
炯	jiong3
竿	gan1
慷	kang1
虞	yu2
锤	chui2
栓	shuan1
桨	jiang3
蚊	wen2
磅	bang4/pang2
孽	nie4
惭	can2
戳	chuo1
禀	bing3
鄂	e4
馈	kui4
垣	yuan2
溅	jian4
咚	dong1
钙	gai4
礁	jiao1
彰	zhang1
豁	hua2/huo1/huo4
眯	mi1/mi3
磷	lin2
雯	wen2
墟	xu1
迂	yu1
瞻	zhan1
颅	lu2
琉	liu2
悼	dao4
蝴	hu2
拣	jian3
渺	miao3
眷	juan4
悯	min3
汰	tai4
慑	she4
婶	shen3
斐	fei3
嘘	xu1
镶	xiang1
炕	kang4
宦	huan4
趴	pa1
绷	beng1/beng3
窘	jiong3
襄	xiang1
珀	po4
嚣	xiao1
拚	pan4/pin1
酌	zhuo2
浊	zhuo2
毓	yu4
撼	han4
嗜	shi4
扛	gang1/kang2
峭	qiao4
磕	ke1
翘	qiao2/qiao4
槽	cao2
淌	tang3
栅	zha4/shan1
颓	tui2
熏	xun1
瑛	ying1
颐	yi2
忖	cun3
牡	mu3
缀	zhui4
徊	huai2
梨	li2
肪	fang2
涕	ti4
惫	bei4
摹	mo2
踱	duo2
肘	zhou3
熔	rong2
挚	zhi4
氯	lv4
凛	lin3
绎	yi4
庶	shu4
脯	fu3/pu2
迭	die2
睦	mu4
窍	qiao4
粥	zhou1
庵	an1
沧	cang1
怠	dai4
沁	qin4
奕	yi4
咙	long2
氨	an1
矗	chu4
盔	kui1
拇	mu3
沛	pei4
榻	ta4
揣	chuai1/chuai3
崭	zhan3
鞘	qiao4
鞠	ju1
垦	ken3
洽	qia4
唾	tuo4
橱	chu2
仕	shi4
蜘	zhi1
痰	tan2
袜	wa4
峙	zhi4
柬	jian3
蝉	chan2
蟹	xie4
谏	jian4
鹃	juan1
擎	qing2
皓	hao4
朕	zhen4
疤	ba1
禺	yu2
铲	chan3
酶	mei2
钝	dun4
氓	mang2/meng2
匣	xia2
弧	hu2
峨	e2
锥	zhui1
揪	jiu1
杠	gang1/gang4
吭	hang2/keng1
崛	jue2
诬	wu1
冉	ran3
抒	shu1
庚	geng1
悍	han4
靡	mi2/mi3
晦	hui4
醋	cu4
壕	hao2
锯	ju1/ju4
夭	yao1
咦	yi2
侈	chi3
婢	bi4
猾	hua2
徘	pai2
硝	xiao1
煽	shan1
皂	zao4
舵	duo4
嗦	suo1
狈	bei4
靴	xue1
捂	wu3
疮	chuang1
郝	hao3
苛	ke1
秽	hui4
茜	qian4
搓	cuo1
芸	yun2
酱	jiang4
赁	lin4
檐	yan2
饷	xiang3
蕉	jiao1
铀	you2
苔	tai1/tai2
赦	she4
缎	duan4
舷	xian2
筷	kuai4
朔	shuo4
婪	lan2
紊	wen3/wen4
厮	si1
婿	xu4
寥	liao2
兢	jing1
糙	cao1
卦	gua4
槐	huai2
扒	ba1/pa2
裴	pei2
祀	si4
埔	pu3
絮	xu4
芭	ba1
屉	ti4
痪	huan4
霄	xiao1
绽	zhan4
宵	xiao1
邑	yi4
霖	lin2
岔	cha4
饵	er3
茄	qie2
韧	ren4
琪	qi2
邹	zou1
瑚	hu2
憋	bie1
殆	dai4
噜	lu1
忒	te4/tui1
忿	fen4
衅	xin4
淳	chun2
悖	bei4
髦	mao2
孜	zi1
粤	yue4
隘	ai4
濒	bin1
铮	zheng1
畸	ji1
剔	ti1
坞	wu4
篱	li2
淀	dian4
蓦	mo4
唬	hu3
锣	luo2
汀	ting1
趾	zhi3
缉	qi1/ji1
嫦	chang2
斟	zhen1
鞍	an1
扳	ban1/pan1
拴	shuan1
诅	zu3
谟	mo2
呃	e4/e
懦	nuo4
逞	cheng3
犁	li2
忏	chan4
拧	ning2/ning3/ning4
亥	hai4
佟	tong2
叱	chi4
舜	shun4
绊	ban4
龚	gong1
腮	sai1
邸	di3
椒	jiao1
蔚	wei4/yu4
湛	zhan4
狩	shou4
眶	kuang4
栈	zhan4
薇	wei1
肮	ang1/hang2
瀑	bao4/pu4
渣	zha1
褂	gua4
叽	ji1
臀	tun2
妞	niu1
巍	wei1
唔	en2
疚	jiu4
鲤	li3
戎	rong2
肇	zhao4
笃	du3
辙	che4/zhe2
娴	xian2
阮	ruan3
札	zha2
懊	ao4
焘	dao4/tao1
恤	xu4
疹	zhen3
潇	xiao1
铝	lv3
涤	di2
恃	shi4
喽	lou2/lou
砌	qi4
遁	dun4
楞	leng2
阱	jing3
咎	jiu4
洼	wa1
炳	bing3
噬	shi4
枫	feng1
拷	kao3
哆	duo1
矶	ji1
苇	wei3
翩	pian1
窒	zhi4
侬	nong2
靶	ba3
胰	yi2
芜	wu2
辫	bian4
嚎	hao2
妾	qie4
幌	huang3
踉	liang2/liang4
佃	dian4
葫	hu2
皖	wan3
拽	ye4/zhuai1/zhuai4
滤	lv4
睬	cai3
俞	yu2
匕	bi1/bi3
谤	bang4
嗤	chi1
捍	han4
孵	fu1
倪	ni2
瘾	yin3
敝	bi4
匡	kuang1
磋	cuo1
绫	ling2
淆	xiao2
尧	yao2
蕊	rui3
烘	hong1
璋	zhang1
亢	kang4
轧	ya4/zha2
赂	lu4
蝗	huang2
榆	yu2
骏	jun4
诛	zhu1
勺	shao2
梵	fan4
炽	chi4
笠	li4
颌	he2
闸	zha2
狒	fei4
樊	fan2
镕	rong2
垢	gou4
瘟	wen1
缪	miao4/mou2
菇	gu1
琦	qi2
剃	ti4
迸	beng4
溺	ni4/niao4
炫	xuan4
惚	hu1
嗨	hai1/hei1
陨	yun3
赃	zang1
羁	ji1
臻	zhen1
嘀	di2/di1
膳	shan4
赣	gan4
踌	chou2
殉	xun4
桔	jie2/ju2
瞿	ju4/qu2
闽	min3
豚	tun2
掺	chan1/shan3
沌	dun4
惰	duo4
喳	cha1/zha1
椭	tuo3
咪	mi1
霎	sha4
侃	kan3
猝	cu4
窖	jiao4
戮	lu4
祠	ci2
瞩	zhu3
菁	jing1
躇	chu2
佬	lao3
肋	lei4
咄	duo1
忡	chong1
雍	yong1
忱	chen2
蕾	lei3
跄	qiang1/qiang4
硅	gui1
伎	ji4
炊	chui1
钊	zhao1
蝠	fu2
屎	shi3
拭	shi4
谛	di4
褪	tun4/tui4
丞	cheng2
卉	hui4
隧	sui4
茸	rong2
钳	qian2
啃	ken3
伢	ya2
闺	gui1
舔	tian3
蹬	deng4/deng1
挛	luan2
眺	tiao4
袱	fu2
陇	long3
殴	ou1
柿	shi4
梧	wu2
惺	xing1
弛	chi2
侥	jiao3/yao2
琛	chen1
捅	tong3
酝	yun4
薯	shu3
曳	ye4
澈	che4
锈	xiu4
稠	chou2
眸	mou2
咆	pao2
簧	huang2
鸥	ou1
疡	yang2
渎	du2
汲	ji2
嬉	xi1
脓	nong2
骡	luo2
穗	sui4
槛	jian4/kan3
拎	ling1/lin1
巳	si4
邢	xing2
廿	nian4
搀	chan1
曙	shu3
樵	qiao2
隅	yu2
筛	shai1
谒	ye4
倭	wo1
痹	bi4
猖	chang1
佯	yang2
肛	gang1
奚	xi1
甭	beng2
抨	peng1
蛾	e2
唠	lao2/lao4
荧	ying2
嵩	song1
漱	shu4
酋	qiu2
攘	rang3
诘	jie2
篡	cuan4
睿	rui4
噩	e4
怅	chang4
盎	ang4
徙	xi3
鞅	yang3/yang1
漓	li2
祟	sui4
睫	jie2
攸	you1
翎	ling2
呛	qiang1/qiang4
筐	kuang1
堑	qian4
檀	tan2
寅	yin2
磊	lei3
驭	yu4
惘	wang3
吠	fei4
驮	duo4/tuo2
瑙	nao3
炬	ju4
痉	jing4
曝	pu4
恺	kai3
胺	an4
萤	ying2
敕	chi4
筝	zheng1
幡	fan1
霹	pi1
竺	zhu2
烙	lao4
毗	pi2
鸠	jiu1
埠	bu4
蒜	suan4
阜	fu4
嘈	cao2
乒	ping1
帷	wei2
啄	zhuo2
鳌	ao2
毡	zhan1
阙	que1/que4
褥	ru4
搔	sao1
笋	sun3
冕	mian3
狞	ning2
韶	shao2
骼	ge2
蔼	ai3
烹	peng1
奄	yan1/yan3
嫖	piao2
沐	mu4
噗	pu1
岑	cen2
蛟	jiao1
掳	lu3
咏	yong3
弩	nu3
捻	nian3
圃	pu3
孚	fu2
悴	cui4
诣	yi4
呱	gu1/gua1
祁	qi2
捶	chui2
钠	na4
袄	ao3
澎	peng2
氮	dan4
恪	ke4
雏	chu2
撮	cuo1
堰	yan4
彷	pang2
鹦	ying1
晖	hui1
犀	xi1
腑	fu3
沽	gu1
橄	gan3
掐	qia1
亵	xie4
龋	qu3
嗒	ta4/da1
咀	ju3
祺	qi2
锚	mao2
匾	bian3/pian2
乓	pang1
萃	cui4
贻	yi2
揖	yi1
觑	qu4
吝	lin4
憔	qiao2
羌	qiang1
诲	hui4
砾	li4
蠕	ru2
肴	yao2
撩	liao1/liao2
坍	tan1
酥	su1
袅	niao3
黝	you3
俾	bi3
嫣	yan1
穹	qiong2
秧	yang1
妊	ren4
溉	gai4
鹊	que4
聿	yu4
疙	ge1
蘑	mo2
睾	gao1
楷	kai3
酵	jiao4
茹	ru2
锌	xin1
滇	dian1
辗	zhan3/nian3
纂	zuan3
圭	gui1
幔	man4
褒	bao1
揍	zou4
诽	fei3
倔	jue2/jue4
腓	fei2
颉	xie2/jie2
锄	chu2
嗔	chen1
磺	huang2
攒	cuan2/zan3
瘩	da2
雳	li4
吆	yao1
悚	song3
墩	dun1
彝	yi2
囱	cong1
逍	xiao1
辄	zhe2
桅	wei2
俨	yan3
纶	lun2
悸	ji4
殃	yang1
帧	zheng4/zhen1
俐	li4
绮	qi3
袒	tan3
籽	zi3
孰	shu2
愫	su4
拌	ban4
橙	cheng2
暨	ji4
敖	ao2
赘	zhui4
抉	jue2
淤	yu1
剌	la2/la4
娼	chang1
顼	xu4/xu1
葵	kui2
哝	nong2
酣	han1
麓	lu4
钵	bo1
琅	lang2
簸	bo3/bo4
禾	he2
铢	zhu1
璧	bi4
娠	shen1
彗	hui4
惋	wan3
腋	ye4
螂	lang2
阪	ban3
掣	che4
劾	he2
沥	li4
粱	liang2
嚓	cha1
惮	dan4
氖	nai3
捎	shao1
羔	gao1
俟	si4
渲	xuan4
榄	lan3
茧	jian3
霓	ni2
鹉	wu3
胥	xu1
琶	pa2
撬	qiao4
橘	ju2
醫	yi1
拈	nian1
笆	ba1
痊	quan2
亟	ji2/qi4
渭	wei4
狙	ju1
珂	ke1
刨	bao4/pao2
蜕	tui4
谚	yan4
憧	chong1
瞟	piao3
馒	man2
拗	ao4/niu4
帚	zhou3
钗	chai1
哧	chi1
喋	die2
箫	xiao1
刁	diao1
怦	peng1
缭	liao2
迥	jiong3
湄	mei2
磐	pan2
渝	yu2
冗	rong3
闵	min3
噶	ga2
黏	nian2
蕃	fan2/fan1
弼	bi4
驿	yi4
淄	zi1
饺	jiao3
踞	ju4
韬	tao1
婷	ting2
唆	suo1
蜒	yan2
偎	wei1
榨	zha4
漉	lu4
碉	diao1
皈	gui1
矜	jin1
笈	ji2
枷	jia1
鲨	sha1
蹑	nie4
瀚	han4
酪	lao4
谑	xue4
癖	pi3
烬	jin4
揩	kai1
炙	zhi4
蜷	quan2
侏	zhu1
凋	diao1
漪	yi1
悻	xing4
蹋	ta4
讪	shan4
搐	chu4
碘	dian3
帛	bo2
诠	quan2
碾	nian3
擂	lei2/lei4
苯	ben3
诃	he1
铎	duo2
戊	wu4
荀	xun2
驹	ju1
攫	jue2
憬	jing3
哽	geng3
踵	zhong3
蟒	mang3
漾	yang4
啧	ze2
吮	shun3
楠	nan2
氟	fu2
怂	song3
叼	diao1
竣	jun4
偕	jie1/xie2
漩	xuan2
蹭	ceng2/ceng4
翌	yi4
臆	yi4
挝	zhua1/wo1
绚	xuan4
崽	zai3
糜	mi2
瘢	ban1
跤	jiao1
阑	lan2
恬	tian2
豢	huan4
汶	wen4
跷	qiao1
琵	pi2
憨	han1
蜗	wo1
螅	xi1
惴	zhui4
戟	ji3
匮	kui4
恙	yang4
抿	min3
桢	zhen1
笺	jian1
蛤	ge2/ha2
瞳	tong2
藥	yao4
瓢	piao2
衹	ti3
秤	cheng3/cheng4
跺	duo4
潦	lao3/liao2
芹	qin2
哒	da1
饬	chi4
栩	xu3
曦	xi1
骷	ku1
嫡	di2
卤	lu3
丕	pi1
鬓	bin4
梓	zi3
嗖	sou1
惦	dian4
浚	jun4/xun4
咔	ka1
藐	miao3
荃	quan2
唧	ji1
玺	xi3
汛	xun4
铐	kao4
髅	lou2
渤	bo2
皿	min3
箍	gu1
馅	xian4
汾	fen2
戍	shu4
痔	zhi4
褶	xi2/zhe3
聆	ling2
涎	xian2
汞	gong3
渍	zi4
奂	huan4
巅	dian1
疣	you2
傩	nuo2
逵	kui2
耆	qi2
蟋	xi1
鳄	e4
讹	e2
膺	ying1
蹿	cuan1
筏	fa2
釜	fu3
沂	yi2
坯	pi1
峦	luan2
茬	cha2
摒	bing4
蟀	shuai4
撵	nian3
浒	hu3
缤	bin1
嵋	mei2
珑	long2
苞	bao1
瑾	jin3
泵	beng4
钾	jia3
暧	ai4
赓	geng1
叟	sou3
佚	yi4
沓	ta4
撂	liao4
蛊	gu3
甥	sheng1
璐	lu4
晏	yan4
瘪	bie3
漳	zhang1
阉	yan1
蹂	rou2
鳃	sai1
琏	lian3
湃	pai4
辘	lu4
僭	jian4
躏	lin4
鼾	han1
懵	meng3
镰	lian2
寐	mei4
褚	chu3
攥	zuan4
涧	jian4
蝙	bian1
脐	qi2
辕	yuan2
涣	huan4
杞	qi3
煜	yu4
骥	ji4
傣	dai3
嗳	ai3/ai4
祯	zhen1
酉	you3
秸	jie1
捺	na4
瑕	xia2
鑫	xin1
馋	chan2
窿	long2
楔	xie1
胱	guang1
荔	li4
蟆	ma2/ma
湍	tuan1
屹	yi4
遐	xia2
轲	ke1
镯	zhuo2
缰	jiang1
桦	hua4
炖	dun4
钡	bei4
羚	ling2
啬	se4
诩	xu3
绯	fei1
掖	ye1/ye4
箓	lu4
涸	he2
鸳	yuan1
塾	shu2
呸	pei1
抡	lun1/lun2
擞	sou3
熹	xi1
坷	ke3
瓮	weng4
亘	gen4
嗟	jie1/jue1
筵	yan2
跛	bo3
汕	shan4
欤	yu2
壑	he4
颍	ying3
溥	pu3
姗	shan1
踊	yong3
枭	xiao1
暄	xuan1
稷	ji4
跚	shan1
涟	lian2
瀛	ying2
笙	sheng1
滕	teng2
踝	huai2
贰	er4
瞰	kan4
恻	ce4
嚏	ti4
迢	tiao2
獗	jue2
邯	han2
睑	jian3
赡	shan4
萦	ying2
珥	er3
酮	tong2
璞	pu2
羹	geng1
缄	jian1
晾	liang4
俸	feng4
媲	pi4
鸾	luan2
恿	yong3
蜿	wan1
犊	du2
讷	ne4
扈	hu4
蜈	wu2
翟	di2/zhai2
藕	ou3
戌	xu1
蓓	bei4
鋆	yun2
谩	man2/man4
谀	yu2
卯	mao3
谙	an1
岐	qi2
蝎	xie1
荼	tu2
镀	du4
椰	ye1
甄	zhen1
蟾	chan2
蹊	xi1/qi1
泞	ning4
撸	lu1
螃	pang2
檬	meng2
猓	guo3
蔷	qiang2
羲	xi1
瘸	que2
蘸	zhan4
蔗	zhe4
傀	gui1/kui3
蚌	bang4
锢	gu4
遽	ju4
邃	sui4
恚	hui4
皑	ai2
锵	qiang1
簌	su4
焙	bei4
昊	hao4
鹳	guan4
睽	kui2
刽	gui4
鳖	bie1
噎	ye1
呗	bai4/bei
寰	huan2
唷	yo1
殡	bin4
淖	nao4
诰	gao4
恣	zi4
睐	lai4
婵	chan2
榈	lv2
氦	hai4
靳	jin4
蛹	yong3
鸯	yang1
惬	qie4
蹙	cu4
诙	hui1
眈	dan1
罡	gang1
缮	shan4
胤	yin4
皋	gao1
蛀	zhu4
偌	ruo4
疵	ci1
绛	jiang4
葆	bao3
黔	qian2
喙	hui4
烽	feng1
儡	lei3
佼	jiao3
斓	lan2
嫔	pin2
颚	e4
龈	ken3/yin2
盅	zhong1
娓	wei3
坂	ban3
町	ting3/ding1
芥	jie4
瘠	ji2
阂	he2
挎	kua4
橇	qiao1
荟	hui4
啜	chuo4
垛	duo3/duo4
淇	qi2
瓒	zan4
篓	lou3
虱	shi1
跻	ji1
龛	kan1
蹒	pan2
髯	ran2
瞠	cheng1
痫	xian2
掂	dian1
潼	tong2
酰	xian1
镁	mei3
灸	jiu3
腆	tian3
筱	xiao3
谆	zhun1
骋	cheng3
壬	ren2
茗	ming2
椋	liang2
蛔	hui2
潺	chan2
扉	fei1
耘	yun2
槟	bin1/bing1
雹	bao2
甬	yong3
谥	shi4
淞	song1
燎	liao2
蕙	hui4
蚪	dou3
蜻	qing1
郸	dan1
轶	yi4
狰	zheng1
楣	mei2
捋	lv3/luo1
涓	juan1
荪	sun1
娄	lou2
麝	she4
蚤	zao3
薰	xun1
醮	jiao4
搪	tang2
谧	mi4
湮	yan1/yin1
辍	chuo4
瞌	ke1
梆	bang1
樟	zhang1
茉	mo4
岖	qu1
臼	jiu4
癣	xuan3
穑	se4
玷	dian4
馍	mo2
呷	xia1/ga1
萼	e4
妩	wu3
伫	zhu4
彤	tong2
莓	mei2
岬	jia3
媛	yuan2/yuan4
惆	chou2
鳎	ta3
啾	jiu1
囔	nang1
蜓	ting2
孺	ru2
徇	xun4
徵	zheng1/zhi3
焊	han4
岱	dai4
昵	ni4
卅	sa4
飙	biao1
邙	mang2
痞	pi3
隼	sun3
恫	dong4
怆	chuang4
桀	jie2
绶	shou4
裆	dang1
盂	yu2
桧	gui4
蚓	yin3
抠	kou1
嗷	ao2
槌	chui2
痘	dou4
痢	li4
芮	rui4
蚣	gong1
闩	shuan1
铿	keng1
飓	ju4
疱	pao4
蝌	ke1
撅	jue1
蚯	qiu1
斡	wo4
窠	ke1
荚	jia2
耷	da1
砚	yan4
牒	die2
赈	zhen4
煦	xu4
嗫	nie4
耙	ba4/pa2
榕	rong2
鞑	da2
袤	mao4
谌	chen2
醺	xun1
秆	gan3
徨	huang2
橹	lu3
翡	fei3
缨	ying1
锹	qiao1
嵇	ji1
圪	ge1
髻	ji4
嗬	he1
辎	zi1
痣	zhi4
娩	mian3/wan3
谄	chan3
蛐	qu1
鹞	yao4
翱	ao2
庖	pao2
籁	lai4
蓿	xu
鳗	man2
疟	nve4/yao4
鲇	nian2
這	zhe4
嚅	ru2
瘀	yu1
颔	han4
黜	chu4
黠	xia2
濑	lai4
馁	nei3
洵	xun2
忐	tan3
忑	te4
砥	di3
咂	za1
罹	li2
糠	kang1
匝	za1
偃	yan3
淙	cong2
纫	ren4
喏	re3/nuo4
闾	lv2
祛	qu1
蛰	zhe2/zhi2
涝	lao4
曜	yao4
厩	jiu4
疽	ju1
闰	run4
洄	hui2
煊	xuan1
汐	xi1
藓	xian3
璜	huang2
铬	ge4
經	jing1
渥	wo4
靼	da2
酗	xu4
苓	ling2
噤	jin4
咫	zhi3
椿	chun1/chun2
鲫	ji4
锭	ding4
罔	wang3
锺	zhong1
匍	pu2
祗	zhi1
锰	meng3
岌	ji2
馀	yu2
畹	wan3
糯	nuo4
胫	jing4
熠	yi4
銮	luan2
沅	yuan2
棣	di4
旌	jing1
豌	wan1
孢	bao1
镭	lei2
驸	fu4
腌	yan1
盹	dun3
熵	shang1
镐	gao3/hao4
馐	xiu1
嘤	ying1
癞	lai4
骰	tou2
韭	jiu3
阖	ge2/he2
瞑	ming2
裨	bi4/pi2
宕	dang4
戾	li4
镌	juan1
溟	ming2
牍	du2
隽	jun4
婊	biao3
鹄	gu3/hu2
埂	geng3
拄	zhu3
娲	wa1
虬	qiu2
萱	xuan1
啵	bo
蠡	li2/li3
芋	yu4
胭	yan1
豺	chai2
啻	chi4
褛	lv3
蛆	qu1
柠	ning2
掰	bai1
篆	zhuan4
倌	guan1
咛	ning2
蛭	zhi4
谡	su4
荨	qian2
莞	guan1/guan3/wan3
澹	dan4/tan2
纭	yun2
潞	lu4
郅	zhi4
弋	yi4
飕	sou1
螳	tang2
胄	zhou4
蟑	zhang1
猥	wei3
宓	mi4
昙	tan2
锏	jian3
蟠	pan2
過	guo4
柑	gan1
烯	xi1
匐	fu2
濮	pu2
蟮	shan4
祐	you4
仄	ze4
偈	ji4/jie2
蜃	shen4
箴	zhen1
粼	lin2
嗥	hao2
褴	lan2
蕨	jue2
蓟	ji4
圩	wei2/xu1
孪	luan2
杳	yao3
魇	yan3
荤	hun1
诿	wei3
簪	zan1
氲	yun1
摞	luo4
飒	sa4
镂	lou4
舀	yao3
夙	su4
臧	zang1
蒿	hao1
貂	diao1
蜥	xi1
蹩	bie2
噼	pi1
钛	tai4
钚	bu4
獾	huan1
濂	lian2
铠	kai3
皙	xi1
霭	ai3
鲈	lu2
叵	po3
霾	mai2
泯	min3
碴	cha2
鸵	tuo2
峪	yu4
饕	tao1
瘁	cui4
睢	sui1
鬃	zong1
迩	er3
纣	zhou4
夔	kui2
垠	yin2
饨	tun2
榭	xie4
尃	fu/bu/pu
