# reading	cuneiform signs; from the uruk_egypt cuneiform.list, normalized (sh/sz/c → š, j/ng/g̃ → ĝ, Ḫ → H, ₂ → 2), first reading wins
KAR	𒆳
sar	𒈗
piš	𒄫
ḳin	𒆥
qú	𒆪
qu	𒆪
zu	𒍮
bab	𒆍
QI	𒆥
ŠU	𒋗
sam	𒌑
qu2	𒆪
lak	𒋃
U1	𒌋
si3	𒅆
ši	𒅆
biṭ	𒀉
pit	𒂍
ûmi	𒈪
ZI	𒍣
IL	𒀧
I	𒄿
KIM	𒁶
ŠE	𒊺
ŠAR	𒊬
GUN	𒄘
ALAN	𒀩
zalam	𒀩
šab	𒉺𒅁
sit	𒋃
zeh	𒂄
du@s	𒁽
DUN3@g	𒂆
DUN3@g@g	𒂇
ANx3	𒀯
KA×LI	𒅲
ala	𒌷
alu	𒌷
dama	𒂼
dinana	𒈹
aah	𒀀𒄴
utu	𒌓
zabaraga	𒌓𒊕𒁇𒂇
zabar	𒌓𒊕𒁇
šim	𒋆
šem	𒋆
šimaz	𒋆𒊍
luzabar	𒇻𒌓𒊕𒁇
zin	𒊿
ẓin	𒂔
zin2	𒂔
bre	𒂊
EF	𒂊
zze	𒍢
iṣ	𒄑
iss	𒄑
takax	𒁆
uga	𒂵
UZUGX	𒅗𒌑
rit	𒋃
pul	𒇧
av	𒄠
dum	𒌈
hup	𒄽
war	𒁇
ai	𒀀𒀀
GÚB	𒆏
GÁB	𒆏
murx	𒌙
MURx	𒌙
AL	𒀠
kù	𒄀
É	𒂍
ŠE3	𒂠
šè	𒂠
zid2	𒍥
DÙ	𒆕
ẓi	𒍢
zzi	𒍢
tap	𒋰
ṢA	𒅕
ṢA2	𒍝
ssa	𒅕
ssu	𒋢
ṣe	𒍢
sse	𒍢
siq	𒋝
sig	𒋝
MIR	𒂇
šap	𒉺𒅁
bel	𒂗
Bêl	𒂗
pah	𒈜
pah2	𒆦𒋰
paḥ	𒆦𒋰
pak	𒆦𒋰
pašk	𒆦𒋰
ay	𒀀𒀀
dis	𒑰
diš	𒑰
daš	𒑰
nis	𒎙
sad	𒆳
suv	𒋳
va	𒈠
ZUM	𒍮
ẓu	𒍮
ṣu	𒍮
ssu2	𒍮
sak	𒊕
ḥir	𒂡
hir	𒂡
ha	𒄩
qe	𒆥
bit	𒂍
iš	𒄑
gis	𒄑
tal	𒊑
dal	𒊑
liq	𒌨
lik	𒌨
GAS	𒑙
vas	𒈦
mas	𒈦
el	𒂖
lat	𒆳
idi	𒀉
ina	𒀸
suř	𒁍
sur	𒁍
sir	𒋓
ẓir	𒂔
zir	𒂔
żir	𒂔
sit	𒈩
saki	𒊕
sip	𒈨
limut	𒅆𒌨
limuti	𒅆𒌨
mes	𒎌
mis	𒎌
he	𒄭
dak	𒁖
pur	𒁓
IS	𒅖
pis	𒄫
ris	𒊕
qaq	𒆕
aṣ	𒊍
šu	𒋗
rum	𒀸
mat	𒆳
zab	𒂟
aq	𒀝
suk	𒆹
naĝ	𒅘
nag	𒅘
nak	𒅘
qud	𒋻
qut	𒋻
kut	𒋻
pal	𒁄
kit	𒆍
qabal	𒉠
MUQ	𒈮
ya	𒅀
V	𒌋
1	𒁹
3	𒐺
z	𒈫
yi	𒀸
P	𒉺
US	𒊻
US2	𒍑
rad	𒋥
rat	𒋥
mit	𒌀
ia	𒅀
I2	𒐊
Í	𒐊
IÁ	𒐊
IA2	𒐊
šal	𒊩
Qí	𒆠
qé	𒄀
šah	𒋚
qab	𒃮
TEM	𒁴
šur	𒋩
šib	𒈨
sún	𒄢
SUN2	𒄢
SUN5	𒁔
SUN7	𒆗
riš	𒊕
Raš	𒊕
Ras	𒊕
SIG5	𒋟
ŠU3	𒋟
šú	𒋙
mut	𒉸
DUMU	𒌉
ÌR	𒀴
ÁG	𒉘
ENSI2	𒉺𒋼𒋛
MÙŠ	𒈹
d	𒀭
IR	𒅕
UK	𒊌
šà	𒊮
ráš	𒊕
zul	𒂄
ŠUL	𒂄
šá	𒃻
IP	𒅁
tin	𒁷
tén	𒁷
DIN	𒁷
DON	𒁷
IK	𒅅
BÍ	𒉈
ÍB	𒌈
ÍP	𒌈
H	𒄴
úH	𒄴
taš	𒌨
teš	𒌨
táh	𒈭
ZI2	𒍢
ZÍ	𒍢
áš	𒀸
MAN	𒎙
šil	𒋻
ú	𒌑
máš	𒈧
tam	𒌓
PÍR	𒎕
šad	𒆳
bat	𒁁
UP	𒌒
rap	𒊐
RAB	𒊐
DÚR	𒂉
DUK	𒂁
LAK	𒍽
KAS	𒆜
RAK	𒊩
RÁK	𒊩
ÚR	𒌫
kap	𒆏
qat	𒋗
kip	𒄒
GÌR	𒄊
A	𒀀
A'	𒄴
A2	𒀉
A12	𒌓
AB	𒀊
AB2	𒀖
ABBA2	𒀋
ABBUNUNNU	𒌓𒄷𒄭𒉣
ABGAL	𒉣𒈨
ABGAL2	𒉣𒈨𒅤
ABLAL	𒆼
ABLAL3	𒇦
ABNI2	𒆠𒉈
ABRIG	𒉣𒈨𒁺
ABRIG2	𒀖𒉣𒈨𒁺
ABSIN3	𒀳
ABSINX	𒆠𒀸𒀸
ABUL	𒆍𒃲
ABULA	𒆍𒃲
ABZU	𒍪𒀊
ABZUX	𒌤
AD	𒀜
AD2	𒄉
AD3	𒇼
AD4	𒍞
AD5	𒌑𒄉
AD6	𒇿
ADX	𒈕
ADX	𒎉
ADX	𒁁𒇽
ADX	𒇽𒃵
ADAB	𒌓𒉣
ADAMA	𒁁𒈪
ADAMIN	𒈓
ADAMIN2	𒈘
ADAMIN3	𒄒
ADAMIN4	𒉫
ADAMIN5	𒂛
ADAMINX	𒂜
ADAMINX	𒇽𒇽
ADDA	𒇿
ADDA2	𒇼
ADDIR	𒀀𒉺𒄐𒉻𒋛𒀀
ADDIRX	𒄐𒉻𒋛
ADDIRX	𒉺𒄐𒋛𒀀
ADDIRX	𒉺𒄐𒋛𒀀𒉻
ADKIN	𒋠𒇴
ADKINX	𒋁
AG	𒀝
AG2	𒉘
AGA	𒂇
AGA3	𒂆
AGAM	𒀂
AGAR2	𒇋
AGAR3	𒆻
AGAR4	𒅊
AGARGARA	𒉩
AGARIN	𒀌
AGARIN2	𒀎
AGARIN3	𒂼𒂆
AGARIN4	𒂼𒋆
AGARIN5	𒂼𒋋
AGARINX	𒀏
AGARINX	𒇉
AGRIG	𒅆𒁾
AGRUN	𒂍𒉣
AĜ2	𒉘
AĜA3	𒂆
AĜAR5	𒅐
AĜAR6	𒅎𒂂
AĜARIN	𒀌
AĜARIN2	𒀎
AĜARIN3	𒂼𒂆
AĜARIN4	𒂼𒋆
AĜARIN5	𒂼𒋋
AĜARINX	𒀏
AĜARINX	𒇉
AĜRIG	𒅆𒁾
AH	𒄴
AH3	𒌓
AH6	𒌔
AK	𒀝
AKA3	𒋃
AKAN	𒁛
AKKAN3	𒇖
AKKIL	𒃰𒋺𒋛
AKKIL2	𒀜𒆤
AKKILX	𒀜𒆪
AKKILX	𒃰𒋺𒋛𒀀
AKTUM	𒀀𒋢
AKTUM2	𒋢𒀀
ALAD	𒆘
ALAD2	𒆗
ALAL	𒋄
ALAL3	𒄒
ALAL4	𒃺
ALGAMEŠ	𒌓𒊩𒄸
ALIM	𒄋
ALLA	𒉄
ALURAX	𒁃
AM	𒄠
AM3	𒀀𒀭
AM6	𒀭
AMA	𒂼
AMA5	𒃣
AMAGI	𒈻
AMAGI2	𒀀𒈹𒁲
AMAGI3	𒍝𒈹𒁲
AMAGIX	𒀀𒈹𒀀𒁲
AMALU	𒂼𒀭𒈹
AMALUG	𒂼𒈹
AMAN	𒉽𒉽
AMAR	𒀫
AMAŠ	𒁦
AMBAR	𒆹
AMRA	𒄑𒈣𒊏
AMUŠ	𒀇
AN	𒀭
ANŠE	𒀲
ANZALUB	𒊮𒄀
ANZU2	𒀭𒅎𒈪
ANZUD	𒀭𒅎𒂂
ANZUD2	𒀭𒅎𒈪
AP	𒀊
APIN	𒀳
AR	𒅈
AR2	𒄱
AR3	𒄯
ARX	𒌸
ARA	𒊭
ARA3	𒄯
ARA5	𒄯𒄯
ARAD	𒀴
ARAD2	𒀵
ARAH3	𒃥
ARAH4	𒂍𒍑𒁍𒁕
ARAHX	𒍑𒁍𒁕
ARALI	𒂍𒆳𒈪
ARALIX	𒌽
ARATTA	𒇶
ARATTAX	𒇴𒆳𒊒𒁕
ARGAB	𒀶
ARHUŠ	𒃣
ARHUŠ2	𒉦
ARI2	𒅂
ARINA	𒈸𒀀𒈾
ARINAX	𒄿𒈕𒈾
ARINAX	𒈕𒈾
ARINAX	𒌫𒀀
ARKAB	𒃻𒅁
ARKAB2	𒀶
ARKABX	𒀶𒅁
AS	𒊍
AS4	𒍞
ASAL2	𒀀𒌅𒃮𒇺
ASALX	𒀷
ASALX	𒀀𒌅
ASALX	𒀀𒌅𒃮𒋝𒃻
ASALX	𒀀𒌅𒉪
ASIL	𒂰
ASIL3	𒂢
ASILX	𒂡
ASILA	𒂰
ASILA3	𒂢
ASILAX	𒂬
ASILAL	𒂰
ASILAL3	𒂢
ASILAL4	𒂤
ASLUMX	𒀀𒈝
AŠ	𒀸
AŠ2	𒀾
AŠ3	𒐋
AŠ5	𒋠𒇴𒋦
AŠAG	𒃷
AŠGAB	𒀿
AŠGABGALX	𒃲𒀿
AŠKI	𒍤𒆸
AŠKUD	𒀾𒈽
AŠKUD2	𒀾𒈹
AŠLUG	𒂍𒍑𒁍𒁕
AŠNAN	𒊺
AŠNAN2	𒊺𒌁
AŠŠA2	𒃰𒋺
AŠTA	𒃰𒋺
AŠTE	𒀉𒌋𒆤
AŠTE2	𒆹
AT	𒀜
AU	𒀀𒉺𒄐𒉻𒋛𒀀
AYA	𒀀𒀀
AYA2	𒀀
AYA4	𒆹
AYAYAX	𒀀𒀀𒀀
AZ	𒊍
AZADX	𒀀𒇉𒋙
AZAG	𒆬𒀭
AZLAG	𒌆𒌓
AZLAG3	𒄑𒌆𒉿𒋼𒀀𒁺
AZLAG4	𒄑𒌆𒋼𒀀𒁺
AZLAG5	𒄑𒌆𒉿𒋼𒀀
AZLAG7	𒈐
AZLAGGALX	𒃲𒄑𒌆𒋼𒀀𒁺
AZU	𒍬
AZUGNA	𒄯𒊕
BA	𒁀
BA4	𒂷
BA13	𒈨
BABBAR	𒌓
BABBAR2	𒌓𒌓
BAD	𒁁
BAD3	𒂦
BAG3	𒁂
BAHAR2	𒁃
BAL	𒁄
BALA	𒁄
BALAG	𒁆
BAN3	𒌉
BANDA3	𒌉
BANŠUR	𒍎
BAPPIR	𒋋
BAR	𒁇
BAR2	𒁈
BAR7	𒉈
BARA2	𒁈
BARGI	𒌐
BAZBAZX	𒊻
BE	𒁁
BE2	𒁉
BE3	𒉌
BE7	𒉈
BI	𒁉
BI2	𒉈
BIL	𒉈
BIL2	𒉋
BIR	𒄵
BIR4	𒂔
BIR5	𒉆
BIR6	𒊶
BIŠEBA3	𒄡
BU	𒁍
BUGIN	𒆹
BUL	𒇧
BULUG	𒁑
BUN2	𒅮
BUNIN	𒆹
BUR	𒁓
BUR2	𒁔
BUR3	𒌋
BUR10	𒇧
BUR12	𒁍
BURANUN	𒌓𒄒𒉣
BURANUNX	𒄒𒉣
BURANUNA	𒌓𒄒𒉣
BURU4	𒉢𒁓
BURU14	𒂙
DA	𒁕
DA2	𒋫
DA3	𒆕
DAB	𒁳
DAB5	𒆪
DAB6	𒍏
DADAG	𒌓𒌓
DAG	𒁖
DAG3	𒍴
DAGRIM	𒇑
DAH	𒈭
DAL	𒊑
DALLA	𒈦𒄘𒃼
DAM	𒁮
DAN	𒆗
DAN2	𒃉
DAN3	𒃩
DAN4	𒃋
DAR	𒁯
DAR3	𒁰
DARA3	𒁰
DARA4	𒁱
DE2	𒌤
DE3	𒉈
DE6	𒁺
DI	𒁲
DI4	𒌉
DIB	𒁳
DID	𒅎
DIDLI	𒐀
DIG	𒉌
DIĜIR	𒀭
DILI	𒀸
DILIM2	𒇺
DILMUN	𒉌𒌇
DIM	𒁴
DIM2	𒁶
DIR	𒋛𒀀
DIŠ	𒁹
DU	𒁺
DU2	𒌅
DU3	𒆕
DU6	𒇯
DU7	𒌌
DU8	𒂃
DU11	𒅗
DU12	𒌇
DU17	𒉈
DUB	𒁾
DUB2	𒂀
DUB3	𒄭
DUBUR2	𒄶
DUG	𒂁
DUG3	𒄭
DUG4	𒅗
DUGUD	𒂂
DUH	𒂃
DUL	𒌋𒌆
DUL3	𒊨
DUL7	𒊕
DULX	𒌨𒀀
DUN	𒂄
DUN3	𒂅
DUR	𒄙
DUR2	𒂉
DUR3	𒀲𒀴
DUR7	𒁍
DUR10	𒊿
DURU2	𒆪
DURU5	𒀀
DURUN	𒂉
DURUNX	𒆪𒆪
DUSU2	𒀲𒅆𒂠
E	𒂊
E2	𒂍
E3	𒌓𒁺
E4	𒀀
EA	𒀀
ED	𒀉
ED2	𒌓𒁺
ED3	𒇯𒁺
EDEN	𒂔
EDIMX	𒂔
EDIN	𒂔
EDURU	𒀁
EGARA	𒃌
EGIR	𒂕
EGIR2	𒂠
EGIR5	𒈝
EGIR6	𒈱
EĜ3	𒉘
EĜER	𒂕
EĜIR	𒂕
EĜIR5	𒈝
EĜIR6	𒈱
EH	𒄴
EH3	𒆪𒆪
EL	𒂖
EM	𒅎
EM3	𒉘
EMX	𒀀𒀭
EME	𒅴
EME4	𒂼
EME5	𒊩𒄸
EMEDA	𒌝𒈨
EMEDU	𒂼𒌅
EMEDU2	𒂼𒀀𒌅
EN	𒂗
EN3	𒇷
EN6	𒅔
EN8	𒊭
ENEGIR	𒅎
ENEGIR3	𒂗𒁶𒍼
EĜAR	𒀳
EĜUR	𒇉
ENKAR	𒂙
ENMEN	𒆉
ER	𒅕
ER2	𒀀𒅆
EREM	𒂟
EREN	𒂞
EREN2	𒂟
ERI	𒌷
ERIM	𒂟
ERIM2	𒉈𒊒
ERIM3	𒌿
ERIN	𒂞
ERIN2	𒂟
ERINX	𒈶
ERINA8	𒈷
ERINA8	𒈸𒀀𒈾
ES	𒁀
ES2	𒌍
ESAG2	𒃥
ESI	𒆗
EŠ	𒌍
EŠ2	𒂠
EŠ3	𒀊
EŠ4	𒁹
EŠ16	𒀼
EŠE2	𒂠
EŠEMEN	𒆠𒂊𒉈𒁲
EŠEMEN2	𒆠𒂊𒉈𒁲𒀭𒈹
EŠGAR	𒀾𒃼
EŠTUB	𒄞
ET	𒀉
EZEN	𒂡
EZIM2	𒊺𒌁
EZINA2	𒊺𒌁
EZINA3	𒌁
GA	𒂵
GA14	𒅗
GA2	𒂷
GAB	𒃮
GABA	𒃮
GAD	𒃰
GADA	𒃰
GAG	𒆕
GAL	𒃲
GAL2	𒅅
GAL4	𒊩
GAL5	𒋼
GALA	𒍑𒆪
GALAM	𒃴
GALGA	𒃌
GAM	𒃵
GAM3	𒉽𒈿
GAN	𒃶
GAN2	𒃷
GANA2	𒃷
GANBA	𒆠𒇴
GANUN	𒃠
GAR	𒃻
GAR3	𒃼
GAR5	𒈖
GAR8	𒋞
GARADIN9	𒌏
GARADINX	𒃱
GARIM	𒇑
GAŠAM	𒉣𒈨𒋳
GAŠAN	𒃽
GAZ	𒄤
GAZI	𒃢
GAZI2	𒃨
GE	𒄀
GE2	𒆤
GE6	𒈪
GE22	𒀺
GE23	𒀹
GEL	𒄃
GEME2	𒊩𒆳
GEN6	𒄀
GENNA	𒌉𒁹
GEŠ	𒄑
GEŠŠIM	𒄑𒋆
GEŠTIN	𒃾
GI	𒄀
GI2	𒆤
GI4	𒄄
GI5	𒆠
GI6	𒈪
GI7	𒂠
GI16	𒄃
GI17	𒍼
GIB	𒄃
GIBIL	𒉋
GIBIL2	𒋙𒀾
GIBIL4	𒉈
GID2	𒁍
GIDIM	𒄇
GIG	𒍼
GIG2	𒈪
GIGAM	𒈓
GIGGI	𒈪
GIGI	𒄅
GIGIR	𒇀
GIGIR2	𒇥
GIGIRX	𒆸𒌀
GIL	𒄃
GILGAMEŠ	𒄑𒂆𒈦
GILGAMEŠ2	𒄑𒉋𒂵𒈩
GILIM	𒄃
GIM	𒁶
GIN	𒁺
GIN2	𒂆
GIN3	𒆳
GIN4	𒍤𒆸
GIN6	𒄀
GIN7	𒁶
GIR	𒄫
GIR2	𒄈
GIR3	𒄊
GIR4	𒌋𒀜
GIR5	𒁽
GIR6	𒁼
GIR10	𒉈
GIR15	𒂠
GIRABA	𒀊𒄫
GIRI16	𒄌
GIRI17	𒅗
GISAL	𒄐
GIŠ	𒄑
ĜEŠ	𒄑
GU	𒄖
GU2	𒄘
GU3	𒅗
GU4	𒄞
GU7	𒅥
GUB	𒁺
GUB2	𒇷
GUD	𒄞
GUD3	𒌑𒆠𒋧𒂵
GUG	𒍝𒄢
GUG2	𒈖
GUL	𒄢
GUM	𒄣
GUN3	𒁯
GUR	𒄥
GUR2	𒃵
GUR4	𒆸
GUR5	𒍀
GUR7	𒄦
GUR8	𒋽
GUR10	𒆥
GUR11	𒂵
GUR17	𒄕
GURU5	𒍀
GURU6	𒃸
GURU7	𒄦
GURUD	𒉩𒆠
GURUD2	𒇽𒆠
GURUM	𒃵
GURUŠ	𒄨
GURUŠ3	𒍀
ĜA2	𒂷
ĜAL2	𒅅
ĜAR	𒃻
ĜARIN	𒇑
ĜARZA	𒉺𒀭
ĜARZA2	𒉺𒈗
ĜE26	𒂷
ĜEN	𒁺
ĜEŠHAŠHUR	𒄑𒈢
ĜEŠŠIM	𒄑𒋆
ĜEŠTIN	𒃾
ĜEŠTUG3	𒄑𒉿𒌆
ĜI6	𒈪
ĜI25	𒂂
ĜIDLAM	𒊩𒍑𒁮
ĜIDLAM2	𒍑𒁮
ĜIDLAM3	𒍑𒊩𒁮
ĜIDRU	𒉺
ĜIR2	𒄈
ĜIRI3	𒄊
ĜISSU	𒄑𒈪
ĜIŠ	𒄑
ĜIŠGAL	𒍇
ĜIŠKIM	𒅆𒁾
ĜIŠNIMBAR	𒊷
ĜIZZAL	𒄑𒌆𒉿𒎓𒉣
ĜU10	𒈬
ĜURUŠ	𒆗
HA	𒄩
HABRUD	𒆢
HAD2	𒌓
HAL	𒄬
HAR	𒄯
HASHUR	𒈢
HAŠ	𒋻
HAŠ2	𒍨
HAŠ4	𒍮
HE2	𒃶
HI	𒄭
HIRINX	𒆶
HU	𒄷
HUB	𒄽
HUB2	𒄸
HUD2	𒌓
HUĜ	𒂠
HU	𒌨
HUL	𒅆𒌨
HUL2	𒄾
HULU	𒅆𒌨
HULUH	𒈛
HUM	𒈝
HUR	𒄯
HUŠ	𒄭𒄊
HUŠ(LAK240)	𒍽
I3	𒉌
IA	𒅀
IA3	𒉌
IB	𒅁
IB2	𒌈
ID	𒀉
ID2	𒀀𒇉
IDIGNA	𒈦𒄘𒃼
IDIM	𒅂
IG	𒅅
IGI	𒅆
IGIŠTU	𒅆𒁺
IĜ3	𒉘
IH	𒄴
IL	𒅋
IL2	𒅍
IL3	𒀭
IM	𒅎
IM2	𒁽
IMIN	𒅓
IMMA3	𒅊
IMMAX	𒇋
IMMAL	𒉥
IN	𒅔
INANA	𒈹
INANNA	𒈹
INIM	𒅗
INNIN	𒈹
IQ	𒅅
IR3	𒀴
IR11	𒀵
IRI	𒌷
IRI12	𒀊
IS3	𒀊
ISIMU3	𒌋𒀜
ISIMUD4	𒉽𒅊𒉣𒈨
ISIMUDX	𒉽𒉣𒈨𒂡
ISIN2	𒅔
IŠ	𒅖
IŠIB	𒈨
IŠIN	𒉺𒊺
IŠKUR	𒅎
IT	𒀉
ITI	𒌚
ITI7	𒌗𒀭𒋀𒆠
ITID	𒌗
ITIMA	𒃟
ITIMA2	𒌖
IṬ	𒀉
IZ	𒄑
IZI	𒉈
IZIN	𒂡
KA	𒅗
KA2	𒆍
KA3	𒂵
KA5	𒈜
KAB	𒆏
KAD2	𒆐
KAD3	𒆑
KAD4	𒆒
KAD5	𒆓
KAK	𒆕
KAL	𒆗
KALAG	𒆗
KALAM	𒌦
KAM	𒄰
KAM2	𒆚
KAM4	𒆛
KAN	𒃶
KAN4	𒆍
KAR2	𒃸
KAR3	𒋼𒀀
KARKARA	𒅎
KASKAL	𒆜
KAŠ4	𒁽
KE	𒆠
KE2	𒄀
KEŠ2	𒆟
KEŠ3	𒋙𒀭𒄲
KEŠDA	𒂡
KI	𒆠
KI2	𒄀
KIBIR2	𒋙𒀾
KID	𒆤
KID2	𒋺
KIĜ2	𒆥
KIM3	𒁍
KIN	𒆥
KINDA	𒃱
KINDAGAL2	𒃲𒌵
KIĜAL	𒃲𒌺
KIR4	𒅗
KIR6	𒀘
KIRI6	𒊬
KISAL	𒆦
KISIM5	𒆨
KISLAH	𒆠𒌓
KIŠ	𒆧
KIŠI6	𒊾
KIŠI8	𒁞
KIŠI16	𒌑𒄉
KIŠI17	𒄉
KU	𒆪
KU3	𒆬
KU4	𒆭
KU5	𒋻
KU6	𒄩
KU7	𒆯
KUD	𒋻
KUG	𒆬
KUL	𒆰
KUM	𒄣
KUM2	𒉈
KUN	𒆲
KUN4	𒄿𒇻
KUP4	𒆤
KUR	𒆳
KUR2	𒉽
KURKU2	𒅗𒀭𒉌𒋛
KURUM7	𒅆𒂟
KUŠ	𒋢
KUŠ2	𒊨
KUŠ3	𒌑
KUŠU	𒌋𒊊
KUŠU2	𒆵
KUŠU4	𒊨
KUŠUM4	𒌋𒊊
LA	𒆷
la	𒆷
LA2	𒇲
LAG	𒋃
LAGAB	𒆸
LAGAR	𒇬
LAGAR3	𒊩𒄸
LAGAŠ	𒉢𒁓𒆷
LAH4	𒁻
LAHŠU	𒇱
LAHTAN	𒉴
LAHTAN2	𒉶
LAL	𒇲
LAL3	𒋭
LAM	𒇴
LAM2	𒉈
LAMMA	𒆗
LE	𒇷
LE2	𒉌
LEM4	𒉈
LI	𒇷
LI2	𒉌
LI9	𒉈
LIB	𒈜
LIBIR	𒅆𒂠
LIBIŠ	𒀚
LID	𒀖
LID2	𒉌
LIGIMA	𒅆𒌉𒌉
LIL	𒇸
LIL2	𒆤
LILIZ	𒀗
LIM	𒅆
LIMMU2	𒇹
LIŠ	𒇺
LU	𒇻
LU2	𒇽
LU3	𒈖
LUB	𒈜
LUG	𒇻
LUGAL	𒈗
LUGUD3	𒈟
LUH	𒈛
LUL	𒈜
LUM	𒈝
LUĜA3	𒋋
MA	𒈠
MA2	𒈣
MA3	𒂷
MAH	𒈤
MAR	𒈥
MAŠ	𒈦
MAŠ2	𒈧
MAŠ3	𒈦𒉺
MAŠGI	𒌐
ME	𒈨
ME3	𒀞
MEN	𒃞
MEN2	𒈨
MES	𒈩
MEŠ	𒎌
MI	𒈪
MI2	𒊩
MIN	𒈫
MIN3	𒌋𒌋
MITUM2	𒆪𒅂
MU	𒈬
MU2	𒊬
MUD	𒄷𒄭
MUD3	𒉯
MUG	𒈮
MUL	𒀯
MUN	𒁵
MUNSUB	𒈰
MUNŠUB	𒈰
MUNU4	𒉽𒊺𒉽
MUNUS	𒊩
MUR	𒄯
MURGU	𒋞
MURGU2	𒈱
MURU2	𒉠
MURU9	𒅎𒂂
MURUB4	𒉠
MUSSA	𒊩𒍑𒁲
MUŠ	𒈲
MUŠ2	𒈽
MUŠ3	𒈹
MUŠEN	𒄷
MUŠTUG2	𒈬𒍑𒌆𒉿
NA	𒈾
NA2	𒈿
NA4	𒎎
NAG	𒅘
NAGA	𒉀
NAGAR	𒉄
NAGGA	𒀭𒈾
NAGGAX	𒀭
NAĜ	𒅘
NAĜA	𒉀
NAĜA3	𒄤
NAĜA4	𒄣
NAM	𒉆
NAM2	𒉇
NAMMA	𒇉
NANNA	𒋀𒆠
NANŠE	𒀏
NAR	𒈜
NE	𒉈
NE2	𒉌
NI	𒉌
NI2	𒉎
NI3	𒃻
NI5	𒉈
NIDBA2	𒉻𒈹
NIG	𒊩𒌨
NIG2	𒃻
NIGA	𒊺
NIGIN	𒇔
NIGIN2	𒆸
NIĜ2	𒃻
NIĜIN2	𒆸
NIM	𒉏
NIN	𒎏
NIN9	𒎐
NINA	𒀏
NINDA	𒃻
NINDA2	𒉒
NINNA2	𒇧
NINNI5	𒌃
NIR	𒉪
NIR3	𒍝𒉏
NISAG	𒉠
NITA	𒍑
NITAH2	𒀴
NITALAM4	𒊩𒍑
NU	𒉡
NU2	𒈿
NU11	𒉢
NU12	𒇻
NUD	𒈿
NUM	𒉏
NUM2	𒈝
NUMUN	𒆰
NUMUN2	𒍤𒆸
NUMUN3	𒄴
NUN	𒉣
NUNDUM	𒅻
NUNUZ	𒉭
PA	𒉺
PA5	𒉽𒂊
PAB	𒉽
PAD	𒉻
PAD3	𒅆𒊒
PALIL	𒅆𒁺
PAN	𒉼
PAP	𒉽
PAR3	𒁖
PE	𒄫
PEL	𒉈
PEL2	𒉋
PEŠ2	𒉾
PEŠ3	𒈠
PEŠ4	𒊯
PEŠ6	𒆓
PEŠ13	𒊴
PI	𒉿
PI4	𒅗
PIL	𒉈
PIR2	𒎕
PIRIG	𒊊
PIRIĜ	𒊊
PIRIĜ2	𒌓
PIRIĜ3	𒊌
PISAĜ	𒂷
PISAĜ3	𒋄
PISAN3	𒊿
PU	𒁍
PU2	𒇥
PU3	𒅤
QA	𒋡
QA2	𒂵
QAR	𒃼
QI2	𒆠
QI4	𒄄
QUM	𒄣
RA	𒊏
RA2	𒁺
RE	𒊑
RE2	𒌷
RE6	𒁺
RE7	𒁻
RI	𒊑
RI2	𒌷
RI8	𒈶
RIB	𒆗
RID	𒈩
RIG2	𒍮
RIM4	𒁽
RIN	𒆸
RU	𒊒
RU6	𒂔
RU12	𒂗
SA	𒊓
SA2	𒁲
SA6	𒊷
SA11	𒋜
SA12	𒊕
SAG	𒊕
SAG3	𒉺
SAG9	𒊷
SAGA11	𒆥
SAGŠU	𒌋𒊕
SAĜ	𒊕
SAĜŠU	𒌋𒊕
SAHARX	𒉈
SAL	𒊩
SAL4	𒋡
SAMANX	𒂠𒁍𒂠𒉣𒂠𒌅
SAĜA2	𒊫
SAR	𒊬
SE2	𒍣
SE3	𒋧
SE12	𒅊
SED	𒈻
SI	𒋛
SI2	𒍣
SI11	𒋝
SI19	𒆉
SI23	𒄢
SIG	𒋝
SIG2	𒋠
SIG3	𒉺
SIG4	𒋞
SIG7	𒅊
SIG9	𒋛
SIG10	𒋧
SIG17	𒄀
SIK	𒋝
SIK2	𒋠
SIKI	𒋠
SIKIL	𒂖
SIL7	𒂣
SILA	𒋻
SILA3	𒋡
SILA4	𒃢
SILIG	𒍂
SIM	𒉆
SIMX	𒍼
SIMUG	𒌣
SIN2	𒉆
SIPA	𒉺𒇻
SIPAD	𒉺𒁳
SIR2	𒁍
SIRARA	𒀏
SIRARA2	𒌓𒈣𒀏𒋓
SIRARA6	𒌓𒈣𒀏𒆠𒋳
SIRSIR	𒁎
SIS	𒋀
SISKUR	𒀬
SU	𒋢
SU3	𒋤
SU4	𒋜
SU6	𒅾
SU7	𒇭
SU11	𒅗
SU13	𒁍
SUB	𒅢
SUB6	𒋳
SUD	𒋤
SUD2	𒋥
SUD4	𒁍
SUEN	𒂗𒍪
SUG	𒆹
SUG4	𒋤
SUH3	𒄗
SUHUB3	𒋗𒁹
SUHUB4	𒋗𒁲𒌍
SUHUB5	𒋗𒂵
SUHUBX	𒀯𒁇
SUHUR	𒋦
SUHUŠ	𒁼
SUKKAL	𒈛
SUKUD	𒃴
SUM	𒋧
SUM2	𒍮
SUMAŠ	𒋨
SUMUNX	𒂠
SUMUR	𒊨
SUMUR2	𒋦
SUMUR3	𒈰
SUR	𒋩
SUR2	𒊨
SUR3	𒄮
SUR9	𒋪
SUR12	𒇭
SURUĜAL	𒌓𒉣
SUSBU2	𒈽
SUSBU3	𒈹𒁍
SUŠ2	𒉌
ŠA	𒊭
ŠA3	𒊮
ŠA4	𒁺
ŠA6	𒊷
ŠAB6	𒊸
ŠABRA	𒉺𒀠
ŠAG4	𒊮
ŠAGAN	𒌋𒃶
ŠAĜAN	𒌋𒃶
ŠAK	𒊕
ŠAKAN	𒌋𒃶
ŠAKIR	𒍀
ŠALAMBI	𒊮
ŠAM2	𒉛
ŠAR2	𒊹
ŠARX	𒉈
ŠARA2	𒇋
ŠE22	𒂞
ŠEX	𒅊
ŠEX	𒀀𒅆
ŠEG5	𒍋
ŠEG9	𒊾
ŠEG11	𒅝
ŠEGX	𒍀
ŠEĜ3	𒀀𒀭
ŠEĜ6	𒉈
ŠEM3	𒀚
ŠEM5	𒀎
ŠEMBI	𒋍
ŠEMBULUGX	𒋎
ŠEN	𒊿
ŠENNU	𒂗𒈨𒀜𒆬
ŠER7	𒉪
ŠER11	𒄊𒁇
ŠEŠ	𒋀
ŠEŠ2	𒋁
ŠEŠ4	𒂞
ŠEŠLAM	𒋂
ŠI	𒅆
ŠID	𒋃
ŠIKA	𒆷
ŠIM	𒋆
ŠIN	𒊿
ŠINX	𒋋
ŠINIG	𒋒
ŠIR	𒋓
ŠITA	𒋖
ŠITA3	𒋥
ŠITA4	𒌋𒆤
ŠU2	𒋙
ŠU4	𒌋
ŠUB	𒊒
ŠUBA	𒍝𒈽
ŠUBTU6	𒆝
ŠUBTU7	𒆞
ŠUBTUM3	𒆜𒆸
ŠUBUR	𒋚
ŠUDX	𒅗
ŠUDU2	𒆃
ŠUDUL2	𒌋𒌆
ŠUDUM	𒋃
ŠUHUBX	𒁇𒀭
ŠUK	𒉻
ŠUM	𒋳
ŠUM2	𒋧
ŠUŠ2	𒋙
ŠUŠUR2	𒀽
ŠUTUM	𒄀𒈾𒀊𒌋𒄞
ṣi	𒍢
ṢI2	𒍣
TA	𒋫
TAB	𒋰
TAG	𒋳
TAH	𒈭
TAK4	𒋺
TAL	𒊑
TAL2	𒉿
TAR	𒋻
TAR2	𒁯
TE	𒋼
TE8	𒀉
TER	𒌁
TI	𒋾
TI2	𒎗
TIBIR	𒋳
TIDNIM	𒊎
TIDNUM	𒊎
TIGI2	𒈜𒁆
TIL	𒌀
TIR	𒌁
TIRU	𒃲𒋼
TU	𒌅
TU5	𒋗𒉀
TU11	𒄸
TU15	𒅎
TU17	𒀀𒋗𒉀
TUBAX	𒌆
TUD	𒌅
TUG	𒌇
TUG2	𒌆
TUH	𒂃
TUK	𒌇
TUKU	𒌇
TUKU4	𒇧
TUKU5	𒋳
TUKUL	𒆪
TUKUM	𒈜𒁆𒋗𒃻𒌉𒇲
TUKUR	𒆸
TUKUR2	𒆁
TUKUR3	𒆈
TUM	𒌈
TUM2	𒁺
TUM3	𒉐
TUM9	𒅎
TUM12	𒌅
TUMU	𒅎
TUN3	𒂅
TUR	𒌉
TUR3	𒉣𒇬
TUR8	𒁍
TUŠ	𒆪
TUŠE	𒀀𒁺
U	𒌋
U2	𒌑
U3	𒅇
U4	𒌓
U5	𒄷𒋛
U6	𒅆𒂍
U8	𒇇
U11	𒄷
U18	𒍇
U19	𒌷
UB	𒌒
UB2	𒂠
UBARA	𒂬
UBUR	𒁛
UBUR2	𒁥
UBUR3	𒁡
UBUR4	𒁢
UD	𒌓
UD5	𒍚
UDU	𒇻
UDUB	𒇛
UDUG	𒌜
UG	𒊌
UG5	𒂦
UGAX	𒌑𒉀
UGARX	𒅊
UGNIM	𒆠𒋢𒇻𒂠𒃻
UGU	𒌋𒅗
UGULA	𒉺
UGUR2	𒅊
UĜ3	𒌦
UH	𒄴
UH2	𒌔
UH3	𒆵
UKKIN	𒌺
UKU3	𒌦
UKUR3	𒇳𒁺
UL	𒌌
ULU3	𒍇
ULUŠIN3	𒀾𒀭
UM	𒌝
UMAH	𒇦
UMBIN	𒌢
UMBISAĜ	𒋃
UMBISAĜ2	𒋄
UMMUX	𒂔𒇲𒀀
UMMUD	𒀀𒂔𒇲
UMUM	𒌣
UMUN2	𒌣
UMUN3	𒄴
UN	𒌦
UN4	𒂬
UNKEN	𒌺
UNU2	𒋼𒀕
UNU6	𒋼𒀊
UNUG	𒀕
UQ	𒊌
UR	𒌨
UR2	𒌫
UR3	𒃡
UR4	𒌴
UR5	𒄯
UR11	𒀳
URI	𒌵
URI3	𒌶
URI4	𒅂
URIN	𒌶
URU	𒌷
URU3	𒌶
URU4	𒀳
URU5	𒋽
URU17	𒍇
URUD	𒍏
URUDA	𒍏
URUDU	𒍏
USAGX	𒉭𒀖𒆷
USAN2	𒄝
USAN3	𒉮
USANX	𒄙
UŠ	𒍑
UŠ2	𒍗
UŠ8	𒀳
UŠ11	𒅜
UŠX	𒍖
UŠUMX	𒍘
UT	𒌓
UTTU	𒋸
UTUA	𒁭
UTUA2	𒁦
UTUKI	𒍙
UTUL5	𒁟
UTUL10	𒀖𒇻
UZ	𒊻
UZ3	𒍚
UZU	𒍜
WA	𒉿
WE	𒉿
WI	𒉿
ZA	𒍝
ZA3	𒍠
ZABALAM	𒍝𒈽𒀕
ZABAR	𒌓𒅗𒁇
ZADIM	𒈯
ZAG	𒍠
ZAH	𒉈
ZAH3	𒀄
ZAK	𒍠
ZAL	𒉌
ZALAG2	𒂟
ZAMX	𒍡
ZAMUG	𒁾
ZAR	𒇡
ZAR2	𒉌
ZE	𒍣
ZE2	𒍢
ZI3	𒍥
ZI8	𒆗
ZIB	𒍦
ZIB2	𒍨
ZID	𒍣
ZIG	𒍨
ZIG3	𒍣
ZIK	𒍨
ZIL	𒉣
ZIL2	𒋳
ZIMBIR	𒌓𒄒𒉣
ZIZ2	𒍩
ZU2	𒅗
ZU5	𒍫
ZUB	𒉽𒈿
ZUBI	𒉽𒈿
ZUBUD	𒄪
ZUBUR	𒍭
ZUH	𒅗
ZULUMHI	𒋠𒋤
ZUR	𒀫
ZU3	𒍪
sú	𒍪
su2	𒋙
hu2	𒀪
BAN2	𒑑
SA3	𒍝
sa3'	𒐼
zu3	𒍮
bi3	𒑙
ha2	𒀪
as2	𒀾
gar2	𒋼𒀀
is2	𒄑
mi3	𒈨
sab	𒉺𒅁
se4	𒍢
SIR3	𒂡
šir3	𒂡
GUB2	𒆏
GAB2	𒆏
dan6	𒍕
eš8	𒆜
gagar	𒆠
dag2	𒌓
gagig	𒃟
gur3	𒅍
guru3	𒅍
gaĝx	𒅍
gagx	𒅍
ga6	𒅍
AG3	𒋃
AĜ3	𒋃
gakkul	𒌋𒁵
gakkul2	𒌋𒁵
gakkul3	𒌋𒁴
gala10	𒇽𒁹
BALAĜ	𒁆
kaš4	𒁽
kas4	𒁽
SA10	𒉚
imga	𒅎𒂵
GALLA	𒋼𒇲
GALLAx	𒋼
marku	𒈥𒄩
gamarku	𒉌𒄩
gamar	𒉌
gambi	𒊩𒍑𒁲
KE4	𒁲
KE4b	𒆤
gam4	𒃶
gam2	𒄰
kur9	𒆭
gamun	𒁷𒌁
gamun2	𒌁
gur15	𒌴
ganam4	𒇇
ganam5	𒇆
gallagalx	𒃲𒋼𒇲
gansis	𒋯
ganzer	𒅆𒆳𒍝
ganzer3	𒅆𒆳
garaš2	𒆠𒆘
garaš5	𒆠𒆗
garaš4	𒆜𒂵
banda	𒌉𒁕
TIL3	𒋾
GAZ2	𒄣
kaz8	𒀪
gazinbu	𒁍
gidim2	𒈦𒌋
gidim3	𒁍
dirig	𒋛𒀀
GIR11	𒆟
gigir	𒇀
gigir2	𒇥
girx	𒈲
GE14	𒌋
ge3	𒁹
ge15	𒀸
ge22	𒀺
ge23	𒀹
ge24	𒍻
giguru	𒌋
giguru	𒆂
giĝ4	𒂆
gar9	𒂵
ga10	𒂵𒉌
gar11	𒂵𒀀
gar12	𒂵𒁹
garx	𒂵𒂵
gara2	𒂶
gar4	𒄞
GE16	𒄃
gilil	𒄃𒅋
gilim2	𒉾
kilim	𒉾
gibil3	𒆠𒉈
gibil2	𒋙𒀾
bul5	𒇡
gidešta	𒃻𒄕𒋡
gigri2	𒁽𒁽
GUN4	𒀕
gir12	𒅔
kilib	𒆸
nindan	𒃻
ĝir3	𒄊
gir16	𒄌
ĝiri16	𒄌
gir9	𒀚
gir7	𒁺
gir5	𒁽
gir14	𒄩
girabax	𒀊𒄫
gira	𒌋𒈦𒆏
šukur	𒆕
gug6	𒊕𒆕
GUG5	𒈙
kin5	𒌺
šeg10	𒆂
šeg11	𒅝
guana	𒍚𒆜
gud2	𒊥
rah2	𒊏
sumun2	𒄢
gudux	𒄴
gudu4	𒄴𒈨
gudug	𒄴𒈨
gug	𒍝𒄢
gug4	𒍤𒆸
zi&zi	𒍤
guhšu	𒈞𒋙
gukin	𒇐
gukin2	𒄳
gukkal	𒄾
udugukkal	𒇻𒄾
GU5	𒆪
GUM2	𒈝
GUN5	𒈝
MUR7	𒈱
dim4	𒉽𒉽
gun2	𒄘
nida	𒄘𒉭
gunni	𒆠𒉈
gunux	𒋜
gurx	𒊺𒆥
ṣuqi	𒋻
suqi	𒋻
ssuqi	𒋻
par2	𒌓
nap	𒆗
zira	𒂔
zirai	𒂔
gurud	𒈈
gurud2	𒉩𒆠
RIN5	𒈕
gurum2	𒅆𒂟
gurumx	𒅆𒃻
guruš4	𒋳
guz	𒈝
guza	𒆪𒃻
ĝarar	𒃻𒅈
rig7	𒉺𒄸𒁺
ĝarim	𒇑
kin2	𒄯
KÍN	𒄯
degx	𒊑
mumu	𒈬𒈬
par4	𒉌
giparx	𒆦
ĜIR15	𒂠
ĝiri2	𒄈
ME2	𒈪
ĝušur	𒃡
ĝušur2	𒊐𒃲
ĝušurx	𒊐𒌉𒌉
ĝušurx	𒊐𒈤
gušur2	𒊐𒃲
gušurx	𒊐𒌉𒌉
gušurx	𒊐𒈤
ĝiparx	𒆦
gešpu2	𒋗𒉽𒉽
gešpax	𒋗𒉽𒉽
gešbax	𒋗𒉽𒉽𒁀
PAx	𒉽𒉽
bulug3	𒉽𒉽
BU10	𒉽𒉽
geštu2	𒄑𒌆𒉿
i4	𒎌
kišig2	𒄉
buru5	𒉅
buru4	𒉢𒁓
buru15	𒉢𒅕
azlag2	𒌆
azad	𒀀𒇉𒋙
azad2	𒋺
GUR16	𒆳
buru8	𒄬
bur8	𒄬
bulušh	𒄬
bur'ux	𒐬
buru16	𒇡
kit2	𒆤
buru6	𒆤𒄷
BU7	𒆪
burur2	𒁓𒌫
bur11	𒆠𒂗𒆕
muru6	𒆠𒂗𒆕
burx	𒆃
bur8	𒉽
kunin	𒇒
buniĝ	𒆹
buniĝ2	𒇅
buniĝ3	𒇉
bunin	𒆹
bunin2	𒇅
bunin3	𒇉
buĝa	𒍑𒂵
buluh	𒄬
buluĝ	𒁑
bul3	𒁄
buluĝ3	𒉽𒉽
bulug5	𒁆
buluĝ5	𒁆
bu4	𒀀
bul	𒇧
bul4	𒅮
bun2	𒅮
bú	𒆜
bu2	𒆜
biz	𒁉
biz2	𒄐
bisag	𒂷
bisag2	𒋃
bisag3	𒋄
bisaĝ	𒂷
bisaĝ2	𒋃
bisaĝ3	𒋄
bisan	𒂷
bisan2	𒋃
bisan3	𒋄
bur5	𒄷𒊺𒂟
lu8	𒌷
da10	𒄭
LU5	𒈜
biluda	𒉺𒀭
bir7	𒊮
bir6	𒊰
bir9	𒊳
bir9b	𒊵
bir9	𒉋
bar7	𒉋
bIL	𒉈
bíL	𒉋
bil2	𒉋
bil3	𒄑𒉋
bed3	𒆪
be5	𒆪
bid3	𒆪
be4	𒁀
be6	𒉿
bibad	𒊺𒄷𒌉𒄷
bazbaz	𒊺𒄷𒄷
bara6	𒇙
bara2	𒁈
barag	𒁈
bara7	𒇋
bara8	𒇣
bara10	𒃖
bara9	𒇗
si8	𒁲
wu	𒉿
w	𒉿
DUL5	𒌆
banšur3	𒆓
barim	𒁇𒁽
barim2	𒉺𒁽
barim3	𒁀𒁽
TAB2	𒄉
šed10	𒈹𒁲
ša2	𒃻
du5	𒂅
bappir	𒋇
bappir2	𒋆
bappir3	𒁋
barag2	𒁖
babarag2	𒁀𒁖
bara4	𒁁
barr	𒁁
bar3	𒁁
bař	𒁁
nir2	𒍝𒂆
bad4	𒆠𒆗
bad5	𒅆𒅆
ba7	𒈦
ba3	𒌍
ya10	𒀀
min5	𒐀
bahar3	𒁇𒂔
bahar4	𒌋𒂔
BAhAR2	𒁃
bahar	𒄞
pe2	𒉿
balak	𒁄
bala	𒁄
sar2	𒃻
BAN3.da	𒌉𒁕
BANDA4	𒅂
BANDA5	𒋞𒅂
baneš	𒀾
banšur	𒍎
banšurx	𒍂
bakirum	𒌋𒊬
bal3	𒀡
bal4	𒀦
du10	𒄭
du14	𒈌
du17	𒉈
dim3	𒈚
ddim3	𒈚
dara2	𒅁
durah	𒁰
durahx	𒁱
dun5	𒍘
du9	𒍘
dupsik	𒂵𒂅
dusu	𒂵𒂅
da9	𒌤
dim6	𒌤
dimx	𒁆
dimma	𒁆𒈠
dim12	𒋃
dilib	𒋃
dilib2	𒆂
dilib3	𒊠
dilib4	𒊞
dilib5	𒊦
dilib6	𒊟
di5	𒊑
dubal	𒀥
dubal2	𒀦
dubal4	𒈆
dubal6	𒈈
dubal7	𒈐
dih3	𒆨
daĝal	𒂼
dab2	𒋰
dab4	𒁾
eb	𒅁
dilurx	𒈣𒆕
dilur	𒈣𒈮
si12	𒅊
diri	𒋛𒀀
du26	𒋛𒀀
dalhamun	𒅎𒋖
dalhamun4	𒅑
dalhamun5	𒀰
dalhamun6	𒅐
dalhamun7	𒉃
hamun	𒉃
dida	𒁉𒌑𒊓
didax	𒌑𒊓
dubad	𒆠𒆗
dubul	𒋗𒁍
dulu	𒋗𒁍
dabx	𒇆
daban	𒋰𒋰𒑖
dabin	𒍥𒊺
dagan	𒆠𒍇
daggan	𒆠𒍇
gišgal	𒍇
gisgal	𒍇
dalx	𒄷
dala2	𒅆𒆕
dalla2	𒅆𒉌
danna	𒆜𒁍
dana2	𒆜
daparu	𒇽𒈨𒂗
dara5	𒄒
dehi	𒁾
tehi	𒁾
dib2	𒆪
didalx	𒉈
digbir	𒆠𒉈𒀭𒈹
me8	𒉿
il5	𒂖
dilim3	𒇌
dimna	𒌋𒂵
dur9	𒂄
šah2	𒂄
šis	𒄑
dimuš	𒌑𒄑𒈪
dudux	𒉺𒍜
tud2	𒉺𒍜
dul9	𒌪
dul2	𒇥
saĝĝa	𒋃
duĝu	𒅎𒋛𒀀
duri	𒉢
durme	𒊕𒂡
durunax	𒆪𒆪
dusu2	𒀲𒅆𒂠
dusux	𒀲𒅆𒁳
ul3	𒄒
e5	𒎏
e7	𒅗
e11	𒇯𒁺
ebih2	𒂠𒈤
epir	𒂁
ebir	𒂁
ebir2	𒁉
epir2	𒁉
epirx	𒋆
ebirx	𒋆
ebir3	𒀀
epir3	𒀀
ebir4	𒂵
ebla	𒀀𒋻𒀀𒀭
dezim	𒊺𒊺𒉪
dezim2	𒊺𒊺𒉪
ezina2	𒊺𒊺𒊺𒉪
ezix	𒊩𒇬
muhaldim	𒈬
edakua	𒃑
edakua2	𒆺
ezem	𒂡
eurre	𒂍𒆠𒋧𒂵
sakar	𒊬
eg2	𒂊
iku2	𒂽
ba9	𒁁
egir2	𒂠
gi7	𒂠
egir3	𒊩𒂠
egi2	𒊩𒂠
egi3	𒆠𒊕
etutum	𒂿
eššeb	𒆠𒅁
ešlug	𒈊
eškiri	𒌋𒂙
ešgiri	𒌋𒂙
eškiri2	𒄑𒂙
ešgiri2	𒄑𒂙
kiri3	𒅗
giri17	𒅗
ešgal	𒀍
ešemen	𒆠𒂊𒉈𒁲
ešemen2	𒆠𒂊𒉈𒁲𒀭𒈹
ešemen3	𒂠𒄾
ešemen5	𒁉
ešen	𒂊𒊿
BIBRA	𒄾
BIBRI	𒄾
KUŠ8	𒄾
UKUŠ2	𒄾
eše2	𒂠
eše3	𒅂
ešela	𒈀𒇲
LU2×EŠ2	𒈀
eša	𒀀𒌁
šed6	𒆪
eš10	𒀀
eš22	𒇴
ešx	𒇴
eš13	𒉉
essad	𒍠𒄩
ešsadu	𒀊𒄩𒍠𒃮𒄷
essadu	𒀊𒄩𒍠𒃮𒄷
ehehhe	𒆪𒆪𒆪
kid3	𒀝
etutumx	𒂿
esir	𒀀𒇒
esir2	𒇒
esir2b	𒇉
esir2	𒇉
esirhia	𒇓
esir3	𒆓𒆓
lagabxhal	𒇉
esaĝ2	𒃥
esag2	𒃥
esaĝ	𒃥
esaĝtur	𒃦
esaĝ	𒀈
esag	𒀈
asag	𒆬𒀭
erištix	𒃲𒍪
erin9	𒌯
erim7	𒌯
eren8	𒌯
UR2×HA	𒌯
erim5	𒀕
erim3	𒌿
erim6	𒍍
erim4	𒃫
eridu	𒉣
erida2	𒉺𒊷
eribura	𒉫
erib	𒀿
ereš	𒎏
ereš	𒊩𒌆
ereš	𒃲𒀭𒍪
ereš5	𒃲𒀭𒍪
ensi3	𒂚
ensix	𒉺𒋼𒋛𒃻
ensix	𒃻𒉺𒋼𒋛
ereš4	𒀳
erx	𒁺𒁺
er3	𒀴
kinkin	𒄯
kikken	𒄯
kinkin2	𒄯𒄯
kikken2	𒄯𒄯
kišib	𒈩
kišib3	𒁾
kurun2	𒁷
ellag	𒆸
ellag2	𒄵
ellaĝ2	𒄵
ellaĝx	𒄶
er13	𒈁
era3	𒃞
ellamkuš	𒇌
ellamkuš2	𒇖
ellamkuš3	𒇈
ellamkuš4	𒆹
luĝax	𒁋
BI×GAR	𒁋
BIxGAR	𒁋
ru10	𒋽
uru5	𒋽
eme	𒅴
eme1	𒎘
eme2	𒌝𒈨
emeda	𒌝𒈨
ummeda	𒌝𒈨
emedada	𒌝𒈨𒁕
ummedada	𒌝𒈨𒁕
emeda3	𒌞
emeda3	𒌟
emeda3	𒎘𒁕
emeda	𒌼𒈨𒁕
eme3	𒊩𒀲
eme6	𒀲𒊩
eme5	𒊩𒄸
eme7	𒊩𒀠
emex	𒊩𒂗
emedub	𒃆
emedub2	𒃧
emeĝarx	𒅶
emerah	𒊩𒄸
emerahx	𒌓𒊩𒄸
emeš	𒊩𒇬
emezi	𒊩𒇬
emeš	𒂍𒎌
emeš2	𒉊
eš12	𒉊
en2	𒋙𒀭
enaqa	𒉌𒌓𒅎
endib	𒂗𒈨𒈬
eĝiz	𒂗𒈨𒄀
en7	𒍠
enku	𒍠𒄩
enkud	𒍠𒄩
enkum	𒂗𒉽𒅊𒉣𒈨𒂬
enna	𒎎𒂗
ennigi	𒂗𒉭𒁶
ennigi2	𒂗𒉭𒁶
nuĝx	𒉣
uĝ5	𒂦
un3	𒂦
enten	𒉉
epig	𒋝
hab2	𒇥
hab	𒆸
habruda	𒆢
habruda2	𒆡
habruda3	𒊰
habruda4	𒊵
henzer	𒅆𒁴
henzir	𒅆𒁴
bu3	𒄷
hašhur	𒈢
hulum	𒊙
hulumx	𒊙
hulum2	𒊜
hulum3	𒁠
hirim	𒆠𒆗
hubhub	𒋄
hubhub2	𒋅
lal2	𒇳
halba	𒈺𒁲
halba5	𒇳𒍇
hul	𒄒
hul3	𒄒
hud4	𒊷
huduš	𒌅
dul6	𒇯
halba2	𒍝𒈹𒁲
halba6	𒀀𒈹𒁲
halpi	𒇳𒍇
heš5	𒈂
haš	𒋻
haš3	𒌓
hara3	𒈊
hursaĝ	𒉺
hamanzer	𒉺𒅁
hibira	𒀤
hibiz2	𒀤
hibiz	𒌉𒁹
hilib2	𒉀
bu6	𒇥
ub4	𒇥
halib	𒅆𒆳
halubba	𒃑
GA2×HA+LU+EŠ2	𒃑
tibir2	𒋷
tibir4	𒋸
henburx	𒅆𒆕
teĝ3	𒋼
hirin2	𒀊
hurin	𒈾𒊒
hubud	𒄊𒋗𒅅
hux	𒆪
hulpad	𒅆𒌨𒊒𒃻
rumum	𒀸𒌝
huru	𒄯
huš2	𒄊
ibila	𒌉
ibila2	𒌉𒀴
ibbi	𒅁
ibbi2	𒉈
ibbix	𒉈
ibira2	𒅛
ibira	𒅪
tibira2	𒅪
tag4	𒋺
i7	𒀀𒇉
i8	𒇉
id2	𒀀𒇉
id3	𒇉
id6	𒀀𒇉𒃲
id7	𒀀𒇉𒁲
id5	𒀀
ge4	𒄄
igi3	𒆠𒊕
lib4	𒅆
saĝ5	𒉠
huz	𒈝
zu7	𒂄
izi2	𒆠𒉈
dutu	𒌓
itudx	𒌓𒀭𒋀𒆠
iti6	𒌓𒀭𒋀𒆠
ud@s	𒌚
iti	𒌗
itid	𒌗
itud	𒌗
itima2	𒌖
utima2	𒌖
illar	𒊒
iškila	𒊯
išdumx	𒁼
isiš3	𒀅
isim3	𒌋𒀜
isim2	𒄢
isimu2	𒄢
isimu3	𒌋𒀜
isinx	𒊺𒅆𒌉
ir7	𒆜
ri6	𒁺
uru2	𒍍
iri8	𒅂
iri11	𒀕
eri11	𒀕
uru11	𒌾
iriki	𒌷𒆠
igira2	𒆠𒊕𒊩
igirax	𒆠𒅗𒊩
i6	𒌆
i5	𒅗
ia4	𒎎
ildag	𒄑𒋥
ildag2	𒄑𒄟
ildag2	𒄟
ildag4	𒄑𒃿
ildag3	𒄑𒄠
ildagx	𒄑
ildum	𒅆𒂠𒁺𒂟
ildum2	𒅆𒉄𒁍
ildu	𒅆𒂠𒁺𒂟
ildu2	𒅆𒉄𒁍
illu	𒀀𒆗
ilu	𒀭
sahar	𒅖
inbir	𒈓
inda2	𒆹𒋻
eg3	𒉘
arhuš5	𒀉𒌉
arhuš6	𒀉𒊩
šem3	𒀚
egir4	𒌈
is4	𒄑
taka4	𒋺
tug3	𒉿𒌆
ul4	𒄉
zug2	𒅗
ĝanun	𒃠
ĝeli3	𒅲
tu2	𒌆
ĝisal	𒄞𒄑
bir2	𒌓
ša2	𒋚
inna	𒁱
ir9	𒄊
irib2	𒇗
irigal	𒀍
urigal	𒀍
urugal2	𒀕
pag	𒄷
kab2	𒅘
kabx	𒊖
kur4	𒆸
kurx	𒁺
kurx	𒇸
DAG.KISIM5	𒁖𒆨
kiši15	𒆜𒄴
kiši13	𒄴𒆜
kiši8	𒁞
kiši7	𒁝
kiši9	𒁬
kiši6	𒊾
kisim	𒁬
kisim3	𒁦
kisim7	𒁛
kisim2	𒁪
kiši11	𒅃
kiši12	𒉣𒊺
kišib2	𒉾
kiši5	𒉾
kiši10	𒌋𒊊
sag@n	𒊔
kiši4	𒊔
kišix	𒆠𒊔
kissa	𒆠𒋀𒆕
kislah2	𒆣
kislah3	𒆠𒆗
kid2	𒋺
kid7	𒅏
kid4	𒋃
karax	𒆒
karax	𒆓
kukku3	𒆠𒆠
ku10	𒈪
kukku5	𒈪
kukku2	𒈪𒈪
kakkala	𒀊
kurušda	𒀊
kurun3	𒂁
kurum6	𒉻
dil	𒀸
kir5	𒅂
sigx	𒊬
kuĝa	𒋙𒀯
kuĝa2	𒋙𒀭
kun2	𒉺
kibšur	𒃻𒆸
kum2	𒉈
kum4	𒌓
kuksu2	𒆕𒋻
kuksu	𒋻
kuĝx	𒈝
kuĝ5	𒌉𒂠
kun5	𒌉𒂠
kun4	𒄿𒇻
kuĝ4	𒄿𒇻
kul2	𒄢
ulutim2	𒆠𒅊𒀩
šur2	𒊨
peš5	𒆒
kirix	𒅮
kirid	𒆟
kir11	𒊩𒃢
kiraši	𒀾𒀀𒀭
kir3	𒆸
kilib3	𒆸𒆸
kinbur	𒆼
mu11	𒅿
kankal	𒆠𒆗
kinx	𒊺𒆥
dur5	𒀀
ka6	𒄷
kib	𒄒
kazaza	𒄮
sig15	𒆗
šakan3	𒀲
karkidx	𒊩𒍑
kulx	𒁄
su8	𒁻
kad6	𒍦
KAD8	𒀽
kadra	𒃻𒊮𒀀
kag2	𒅗
silim	𒁲
kaĝeškarax	𒄑𒅗𒆒
kageškarax	𒄑𒅗𒆓
pana	𒉼
kaku	𒁽
gala3	𒇥
gala4	𒆽
kala4	𒆽
gala5	𒇏
kala3	𒇥
ki-la2	𒆠𒇲
kam3	𒆒
kama5	𒈃
mu7	𒅲
mu13	𒆀
kana6	𒅤
kana5	𒅸
kana3	𒊝
ku2	𒅥
karam	𒃫
karaš	𒆠𒆘
lu7	𒍇
lipiš	𒀚
GIŠ%GIŠ	𒄒
NUN%NUN	𒉫
UR%UR	𒌩
UR×UR	𒌩
KAL×KAL	𒆙
lirum	𒋗𒆗
lirum3	𒄒
lirum7	𒆙
lirum6	𒉫
lirum8	𒌩
lirum2	𒀸
liru2	𒀸
mumun	𒅲𒅲
luĝa2	𒋇
ge5	𒆠
lah6	𒁺
hara4	𒁚
nir7	𒍝𒂇
šumunda	𒇰𒊬
aš@z	𒀹
bu%bu	𒁐
ha@t@g	𒄪
garadin3	𒊽
la6	𒆗
laban	𒂯
la7	𒌓
lahtan4	𒉵
lahtan3	𒉹
lamhu	𒆴
lib5	𒊤
libin	𒂱
lidda	𒋖
lil8	𒈑
lillan	𒈗
lu9	𒉺
lu6	𒌨
lubun	𒂲
lud	𒂁
lugud2	𒆸
luĝ2	𒉺
lum3	𒂁
lumha	𒁆
GI4	𒀀
EŠ2	𒁇
ŠA6	𒁇
GIR2@g	𒄉
dinig3	𒈊
DUB2	𒄭
giguru3	𒆂
girim	𒆸
giriš	𒄵
gi4-X	𒀀
gur14	𒅗
gur13	𒉌
gurdub	𒃍
BUR2	𒍀
HA@g	𒄫
ha-X	𒄩
i-a	𒅀
IL2	𒅆
GAN2@t	𒅆
MUŠ3@g	𒅆
immal2	𒉦
immen	𒆉
immen2	𒅘
immindu	𒇌
immindu2	𒇅
kaš2	𒆜
kaš3	𒍒
gir8	𒆸
kuš7	𒅖
kušum2	𒈜
mah2	𒀠
mahra	𒈾
makkaš2	𒀸
maĝaga	𒅾
maĝara	𒁑
me7	𒃙
ma6	𒈨
mel	𒅖
meli2	𒅲
menari	𒃻
min6	𒋰
minbulug	𒍏
mu5	𒉌
mu6	𒉺
mud2	𒁁
mud5	𒋆
mud6	𒊬
mudla	𒁍
mug2	𒊩
muh3	𒊣
mul2	𒋼
mul3	𒄮
mul4	𒌌
mun4	𒋀
murgu3	𒅺
murum	𒅗
muru3	𒅎
murub6	𒌙
muššagana	𒇚
muštaptin	𒁃
ne3	𒊊
nesaĝ2	𒋃
GIR2	𒉏
ninim	𒊲
nisig	𒊬
nisku	𒊊
niš	𒎙
nita2	𒀴
nu7	𒀕
nug	𒋐
nug2	𒋊
nun3	𒁍
pa9	𒁇
pirig2	𒌓
pirig3	𒊌
TUL2	𒇥
puzur5	𒅤
puzur2	𒎙
ra3	𒌓
raba	𒊐
rag	𒊩
ra-ah	𒀀
rašu	𒆳
ru-gu2	𒃮
sa9	𒈦
sabad2	𒂿
sabad3	𒃖
sad2	𒃪
sad3	𒂿
sa2-di	𒊭
sag8	𒆗
sag10	𒅆
sag12	𒅊
sag7	𒃶
sagkurini	𒄭
sagkurun	𒁸
saĝ4	𒈗
KEŠ2	𒊕
saĝĝar2	𒅗
saĝ-ki	𒅆
saĝtak	𒀸
santak3	𒀹
saĝtak4	𒁹
santak2	𒍻
saguš	𒅗
sah	𒆤
sah4	𒄗
sahar2	𒊬
sal3	𒉌
sal2	𒁲
salugub	𒀸
sam2	𒉚
samag3	𒌡
samag6	𒅊
sas	𒋀
se11	𒋟
se28	𒅆
sed4	𒁇
še11	𒈜
ses	𒋀
si14	𒂁
sidug	𒇂
sidug2	𒇄
siki2	𒌓
šikin2	𒂁
sil5	𒂬
silig2	𒋹
silig4	𒋵
šilig	𒍂
šilig6	𒅗
silim2	𒆗
simed	𒀸
sir5	𒉡
siraš3	𒋋
si-sa2	𒋛
sub2	𒁻
su-ub	𒆠
sub5	𒈰
subur	𒋚
subur2	𒈛
sud5	𒂬
sug6	𒋢
sug2	𒁻
sug7	𒅲
suh5	𒆪
suh7	𒈬
suhuš2	𒉟
suku5	𒅆
sul2	𒉌
sullat2	𒉺
sullim	𒂙
sum4	𒅾
sur4	𒊯
sur5	𒇲
sur8	𒇡
tab4	𒎙
tal3	𒀸
tal4	𒁹
teĝ4	𒋾
tehi2	𒌝
dih2	𒌝
teme	𒉀
temen	𒋼
ten	𒋼
tešlug	𒈊
tibir3	𒋹
tibir5	𒋵
tibnu	𒋿
tilhar	𒂿
tilla	𒌵
tir5	𒉼
tu14	𒋃
tu6	𒅲
tu7	𒄰
tu10	𒄽
tuba3	𒋃
tugure	𒅤
tum4	𒉏
tur5	𒌅
u20	𒊺
u9	𒂦
KU4	𒅇
ubi	𒃴
ubi2	𒋦
ŠU2	𒌓
udul5	𒁟
udul6	𒁭
ug2	𒊊
ugal	𒆋
ugu4	𒆪
ugunu2	𒃽
ukum	𒅖
ul6	𒌓
ul5	𒂬
ul2	𒉡
ulul	𒄒
ŠAR2	𒌌
ula2	𒃪
ulal	𒁁
ulil	𒍻
ullu	𒌌
uman	𒄴
umbara	𒂬
umun11	𒆹
umun12	𒇩
unu8	𒍑
unu12	𒁐
unugi	𒀐
UŠ2	𒅗
uraš	𒅁
urbigu	𒌩
urgilim	𒉪
urrub	𒂁
ursub	𒂁
urta	𒅁
uru18	𒌸
uru10	𒊘
urud2	𒁾
urum3	𒊘
urutamga	𒌾
usi	𒃥
uš3	𒃣
uš5	𒉦
uš6	𒉥
ušbar2	𒍬
ušu	𒍀
ušu3	𒌍
ušum	𒍀
ušuš	𒃠
uttu2	𒋃
utul2	𒄰
utuwa	𒁭
uzaglal	𒀹
uzu2	𒍬
zagga2	𒍝
zaĝa	𒉌
sulug	𒈜
zandara	𒋃
zanzana	𒄵
zar3	𒋧
ze4	𒀓
ŠA3	𒍥
zikum	𒇉
zinanutu	𒄮
zipah	𒈦
ziz3	𒄮
ziz4	𒄓
zizanu	𒆳
SUD2	𒅗
zukura	𒆆
TAK4	𒅅
ĝalga	𒃌
ĝarim2	𒁘
ĝeš3	𒍑
geš2	𒐕
UR4	𒄑
ša5	𒀝
šabalbal	𒆰
HUL2	𒍥
šaĝar	𒆹
šahan3	𒂄
šahan2	𒈲
šar2-šar2	𒅗
šar3	𒈗
šarag	𒌓
šaran	𒁙
šargad	𒄲
šaru	𒄶
šašku	𒁍
šatam	𒈜
še-X-X	𒊻
šedu3	𒀆
šedu2	𒌜
šed15	𒅗
šembizi	𒋆
šembulug3	𒋌
šembulug5	𒋉
šemešal	𒋑
šen2	𒍏
šen4	𒁾
šennur	𒄒
šer10	𒈲
šerim	𒋳
šerim2	𒇡
šeš3	𒀅
šibir2	𒂙
šid3	𒉪
šikaĝu	𒀿
šil3	𒌋
šilam	𒉦
šallam2	𒉥
šilig7	𒅭
šub6	𒋃
šud3	𒆃
šukur2	𒉻
šurum3	𒇆
šurun4	𒁨
šuš4	𒋳
šušmaš	𒀨
šušu	𒅗
šutug	𒉻
šuzi	𒌨
ĝin	𒁺
bulug2	𒍀
pa2	𒁀
nimbar	𒁇
kur5	𒋻
peš7	𒌉
pihu2	𒉯
bu8	𒁔
sah7	𒋆
tu3	𒍏
di3	𒋾
sig18	𒆥
dili2	𒇺
uh4	𒅜
ursub2	𒆗
uru16	𒂗
wa2	𒁀
ri3	𒆸
zurzub2	𒆗
šakir3	𒌼
šakira3	𒌼
šilam2	𒉥
šutur	𒈤
min2	𒊩
duruna2	𒇌
henbur	𒆕
kig2	𒆥
lah5	𒁺𒁺
lah2	𒂟
lahar	𒇆𒄞
lahar2	𒁱
lahhušu	𒋞𒋞𒋙
lam7	𒄑𒇵
lamahuš	𒍣𒍣𒆸
la'u	𒇳
la'u3	𒇳𒉌
la'u4	𒇳𒆕
la'u5	𒇳𒀀
lidda2	𒊮𒁹
lidim	𒀢
ligidba	𒋆𒀭𒊩𒌆𒅁
lil3	𒋙𒌋𒌋𒌋
lil5	𒋙𒉈
limmu3	𒐘
liri4	𒀉𒆗
liri5	𒀉𒀸
lugud4	𒇭𒋧
luĝa	𒉺𒂷
luhša	𒄴𒈨𒌋
luhum	𒈝𒈝
lukur	𒊩𒈨
f	𒊩𒇽𒁉𒁷𒈾
E2	𒈦𒄘𒃼
DIM4	𒉽𒉽
emeĝi	𒅴𒄀
gabar	𒉺𒁣
GAM+GAM	𒃵𒃵𒄩
ganzer2	𒉈𒋛𒀀
gar10	𒂵𒉌
garadin4	𒆸𒆸
GEŠTUG2	𒄑𒌆𒉿𒊺𒉀
girah	𒋗𒁶
guhšu2	𒈝𒈝𒋙
gur21	𒂊𒌈
gur9	𒉒
imĝaĝa3	𒀾𒀭
imĝaĝa2	𒀾𒀭𒈾
imhur4	𒅆𒀀
imhur2	𒅆𒁉
imhur3	𒅆𒂵
immal3	𒃻𒋗𒂂
imminte	𒅴𒋼
irgi	𒄊𒍞
kašbir	𒁉𒀀𒋤
kušlug	𒆠𒉈
mabi2	𒀀𒈹𒁲
madal	𒄑𒁍
malla	𒄑𒁍
maškim	𒉺𒁽
mašmin	𒈦𒈫
megida	𒋰𒋾
mel3	𒆠𒉈
men4	𒇘𒂗
mim2	𒈹
minbulug2	𒁑𒁑
mudru2	𒂗𒆪𒀀
mudra6	𒈬𒁍
mulu4	𒃷𒁍
munsub2	𒋠𒇴𒋦
munu2	𒆠𒉈
munzer	𒆠𒀭𒋀𒆠
mur10	𒌆
murub2	𒊩𒇬
murub3	𒂗𒈨𒇬
murum5	𒊩𒌓𒂔
uru8	𒌫
muzug	𒌑𒊕
muzug2	𒌑𒅗
nab	𒀭𒀭
nenkum	𒊩𒌆𒉽𒅊𒉣𒈨𒂬
ne4	𒋙𒉈
nigru	𒅙𒆬
niĝar	𒌋𒌓𒆤
niĝin5	𒇳𒆸
niĝin9	𒇲𒊬
niĝin3	𒌋𒌓𒆤
ŠU+TAG4	𒋗𒋺
nimur	𒆠𒉈
nindaba	𒉻𒀭𒈹
numma	𒉢𒉢𒁓𒁓𒄷
nunuzzi	𒂗𒉭𒍣𒀭𒌓
palil2	𒅆𒂠𒁺𒂟
pa6	𒉽𒅖
pil6	𒉢
piš10	𒆠𒀀
puglu	𒊮𒄀
puzur3	𒌋𒍠
rab3	𒄑𒈗
RIG7	𒉺𒄸𒁺
rig10	𒉺𒁣
rig9	𒄸𒁺
sag2	𒉺𒃶
sig11	𒉺𒃶
sagdul	𒌋𒊕
saĝa2	𒊫
saĝa4	𒅍𒁆
saĝa3	𒅍𒈣𒅊
saĝa5	𒂵𒍚𒅊
saĝa6	𒂵𒈣𒅊
saĝmaš	𒁁𒆜
sagmaš	𒁁𒆜
saĝmin	𒈦𒌋𒌋
samag2	𒌠
samag4	𒌡𒆸
saman	𒂠𒋤𒉣𒂠𒌅
santana	𒃲𒉌
sed6	𒈹
še12	𒀀𒈹
še18	𒀀𒈹𒁲
še15	𒊺𒉣𒉣
še5	𒍝𒈹𒁲
šed5	𒆒
si5	𒅆𒂠
sibsib	𒅴𒈨
sig8	𒃰𒋺𒄑
sikin	𒋠𒇴
silig3	𒋸
sisi	𒀲𒆳𒊏
siškur2	𒀬𒀬
sa5	𒋛𒀀
su9	𒁯𒀀
sud3	𒋢𒆳𒊒
sugin	𒄑𒁁
suhirim	𒇭𒋧
suhub2	𒀯
suhul	𒋙𒀯
sukuš	𒈹
sulgar	𒋙𒀯
suluhu	𒋠𒋤
suluhu3	𒍣𒍣𒆸
sulummar	𒆠𒊕𒁺
sum5	𒍻𒍻𒍻𒍻
sumunda	𒇯𒇯𒊺
sur6	𒆠𒃲
sur7	𒆠𒆕
surru	𒋪
tal5	𒆓𒆓
targul	𒈣𒈮
taškarin	𒄑𒌆
taskarin	𒄑𒌆
TAxŠE	𒋫𒊺𒄩
tešbi	𒌑
ti8	𒀉𒄷
tigidla	𒊮𒋻
tigidla3	𒊮𒈫𒁲
tilla2	𒀭𒀸𒀭
tilla3	𒀭𒁹𒀭
tilla4	𒀭𒀸𒀀𒀭
tilla5	𒀭𒀹𒀭
tir4	𒋛𒀀
tirigi	𒊕𒀭
titab2	𒈖𒉽𒉽
TU9	𒌆𒁀
tuhul	𒉄𒍞
tukumbi	𒋗𒃻𒌉𒇲𒁉
tuĝal	𒂗𒍪
tuĝal2	𒂗𒆠
turan	𒄙𒄒
u10	𒁱
HUB2	𒌑
ubri	𒅆𒆕
ubri2	𒅆𒁴
udra	𒁉𒌑𒊓
udul3	𒁦
udul4	𒉺𒁦
udul10	𒀖𒇻
udul9	𒉺𒁣
udun	𒌋𒈬
ug7	𒅗
ugu2	𒀀𒅗
ugu3	𒀀𒊕
uh6	𒅎𒋙
uktin	𒅊𒀩
ukur2	𒃲𒋚
ukurrim	𒂗𒈨𒀭𒈹
uludin2	𒅊𒀩
ulumaš	𒅎𒃷𒄴𒈨𒌋
ulumaš2	𒅎𒄴𒈨𒌋𒃷
ulušin2	𒁉𒀾𒀭𒈾
ubišaga	𒋰𒋰𒉌𒉌𒁹𒁹
umun10	𒌋𒈬
umun5	𒇥𒀀
unud	𒀖𒆪
unu9	𒆒
uru12	𒌆
uru9	𒋞𒅂
uru15	𒋀𒀊
us5	𒇆𒄞
NA2	𒌑𒊩𒆷
usandu	𒄷𒆕
usar	𒇳𒊬
usil	𒂳
usu	𒀉𒆗
usuh	𒊩𒇬
usur4	𒇲𒆸
uš15	𒋛𒀀
uštuh	𒆠𒅁
ušub	𒋛𒀀
ušumgal	𒃲𒁔
utah	𒌋𒂵
utte	𒆠𒆠
uttuku	𒃻𒋃
utu2	𒌋𒂵
utu5	𒀾
utuwa2	𒁦
uzug5	𒆈
uzug2	𒌑𒅗
uzug3	𒌑𒊕
uzug4	𒌑𒆳𒉌𒌇𒆠
za2	𒉌𒌓
zabar3	𒆉𒁇
zabitum	𒄑𒁆𒌉
zah2	𒄩𒀀
zahan2	𒌋𒂵
zamin	𒌒𒊑
zanaru	𒈹
zanbur	𒁁𒆜
zansur	𒇥𒌋𒌋
zapah	𒋗𒁁
zara6	𒁁𒀸𒌆
zarah2	𒇻𒆠𒆕
zibin	𒁫
zibin2	𒁬
zikura	𒆜𒐋
zilulu	𒉺𒍇
zipah2	𒋗𒁁
zir2	𒂠𒅗
zirru	𒂗𒉭𒍣𒀭𒋀𒆠
zizna	𒌉𒌉𒍝𒍝𒄩
gešbu	𒄑𒊒
ĝešbun2	𒆠𒁉
ĝešnu	𒉢
gešnu2	𒉢𒅕
ĝešpu2	𒄑𒋗𒉽𒉽
ĝes	𒄷𒃾𒌓𒀀
ĝeštug2	𒄑𒌆𒉿
gizzal2	𒉢𒋡
šabra2	𒉺𒂍
sagi	𒋡𒋗𒃮
šakaka	𒆠𒇴
šakanka	𒆠𒇴
šakkan6	𒀲𒀴
šagina	𒄊𒀴
šamanur	𒍏𒅖𒍏
šanna	𒃷𒁍
šara3	𒇣
šarap	𒆗𒂔
še21	𒄷𒈿
ŠE+DIN	𒊺𒁷
šeg12	𒋞
šeg4	𒀀𒋙𒉀
šešlam2	𒂗𒈨𒇷
šikahara	𒋞𒋞𒋙
šimaški	𒇻𒋢
šimaški2	𒇻𒋢𒀀
šimbirida	𒌑𒆳𒊏𒊬
ŠIR3	𒂡𒈜
šiten	𒆠𒁺𒆕
šub5	𒄊
šuba2	𒍝𒈹
šuba3	𒈹𒍝
šuba4	𒈹
šubtu3	𒆜𒆸
šubtu5	𒆜𒇥
šubtu4	𒆜𒆜𒆸𒆸
šukbar	𒄑𒋗𒆗
šun2	𒀯
šur6	𒇳𒆸
šurmen	𒋗𒈨𒂞
šurun2	𒇣
šuš5	𒇟
šušum	𒈹𒂞
šutug2	𒄴𒈨
šutul6	𒌋𒆤
šutum2	𒂍𒄀𒈾𒀊𒌋𒄞
megida2	𒋰𒆲
mud4	𒆸𒌋𒆕
muru5	𒊩𒌓𒂔
nir5	𒍝𒅁
nir4	𒍝𒋢
šakan6	𒄊𒀴
ĝiskim	𒅆𒁾
menbulug2	𒁑𒁑
pala3	𒉆𒊩𒌆
pala2	𒉆𒂗
peš10	𒆠𒀀
asar2	𒀀𒌅𒃮𒇺
pihu3	𒅗𒆕
pihu4	𒁉𒌑𒊓
pihu5	𒍑𒊓
sib2	𒉺𒇻
ulu2	𒄴𒈨𒌋
zermušku	𒋺𒀩
zermuškux	𒋺𒀩
tuku2	𒌆
šaman2	𒌋𒃶
dabašin	𒆯
guda2	𒄴𒈨
nisaba	𒊺𒉀𒄩
henbur2	𒊺𒆕
ma5	𒅡
silaĝ	𒋃
suh10	𒈹
teš2	𒌨
umuš	𒌆
unkin	𒅗
ur14	𒃣
uš7	𒅲
uzud	𒍚
ĝešnimbar	𒄑𒊷
še8	𒋁
šidim	𒁶
mar6	𒅗
tarah	𒁰
lim4	𒉈
nus	𒉭
zug4	𒅲
buru3	𒌋
banmin	𒈫
da5	𒍏
dagal	𒂼
e6	𒋢
ek	𒅅
ge8	𒅆
gešgiparx	𒆦
kan2	𒃷
kara2	𒃸
milla	𒅖
muš5	𒋀
naga3	𒄤
nu10	𒆪
agar4	𒅊
sa7	𒅊
pa4	𒉽
pil2	𒉋
pil7	𒄊
rin2	𒂟
ru2	𒆕
sag11	𒆥
si18	𒅝
sukal	𒈛
num2	𒈝
num	𒉏
tag2	𒁖
teme2	𒉀
urunx	𒂗
zu2	𒅗
zu4	𒁁
ĝa6	𒅍
šer3	𒂡
šumun	𒌀
tup	𒁾
kukkuš	𒅖
ta2	𒁕
GA2×SAL	𒃣
GA2×A+DA+HA	𒂸
GA2×A+HA	𒂹
GA2×A+IGI	𒂺
GA2×AN	𒂼
GA2×AŠ	𒂽
GA2×AŠ2+GAL	𒂾
GA2×BAD	𒂿
GA2×BAR+RA	𒃀
GA2×BUR	𒃁
GA2×BUR+RA	𒃂
GA2×DA	𒃃
GA2×DI	𒃄
GA2×DIM	𒃅
GA2×DUB	𒃆
GA2×EL	𒃇
GA2×EL+LA	𒃈
GA2×EN	𒃉
GA2×EN×GAN2@t	𒃊
GA2×GAN2@t	𒃋
GA2×GAR	𒃌
GA2×GI	𒃍
GA2×GI4	𒃎
GA2×GI4+A	𒃏
GA2×GIR2+SU	𒃐
GA2×HAL	𒃒
GA2×HAL+LA	𒃓
GA2×HI+LI	𒃔
GA2×HUB2	𒃕
GA2×IŠ+HU+AŠ	𒃗
GA2×KAK	𒃘
GA2×KASKAL	𒃙
GA2×KID	𒃚
GA2×KID+LAL	𒃛
GA2×KU3+AN	𒃜
GA2×LA	𒃝
GA2×ME+EN	𒃞
GA2×MI	𒃟
GA2×NUN	𒃠
GA2×NUN/NUN	𒃡
GA2×PA	𒃢
GA2×SUM	𒃨
GA2×SAR	𒃤
GA2×ŠE	𒃥
GA2×ŠE+TUR	𒃦
GA2×ŠID	𒃧
GA2×TAK4	𒃩
GA2×U	𒃪
GA2×UD	𒃫
GA2×UD+DU	𒃬
GA2/GA2	𒃭
GA2×AN+KAK+A	𒍹
GA2×AŠ2	𒍺
GA2×MUNUS	𒃣
rid	𒂇
ṣâbê	𒍑
kirê	𒄑𒊬
kirêm	𒄑𒊬
kirâm	𒄑𒊬
kirûm	𒄑𒊬
kirâ	𒄑𒊬
eḳli	𒀀𒊮
eḳla	𒀀𒊮
eḳlim	𒀀𒊮
eḳlam	𒀀𒊮
eḳil	𒀀𒊮
ù	𒅇
ús	𒍑
tim	𒁴
biltim	𒁉𒌦
bilat	𒁉𒌦
šumma	𒋳𒈠
ep	𒅁
pé	𒁉
lí	𒉌
mâram	𒌉𒍑
mârti	𒌉𒊩
mârat	𒌉𒊩
aššatum	𒆵
tamkarum	𒁮𒃼
bî	𒂍
bîti	𒂍
bîtam	𒂍
kaspim	𒆬𒌓
kaspam	𒆬𒌓
ana	𒀀𒈾
bâ’irim	𒋗𒄩
šeʾam	𒊺
šeʾum	𒊺
10	𒌋
20	𒌋𒌋
30	𒌋𒌋𒌋
uz2	𒊺𒄷
ebūrim	𒂙
dup	𒁾
Adad	𒅎
GÀR	𒃼
ḳar	𒃼
Ì	𒉌
bar4	𒌓
pî	𒅗
pī	𒅗
šar	𒊬
pi2	𒁉
pí	𒁉
BÙRiku	𒌋𒂷
būrim	𒌋𒂷𒂊
Aʾ	𒄴
60	𒐕
qal	𒃲
QÁ	𒂵
SÀ	𒍝
SÀ'	𒐼
SÍN	𒉆
ZÚ	𒅗
EQ	𒅅
ḳi	𒆠
ḳu	𒆪
lá	𒇲
ŠÍG	𒋠
SÍ	𒍣
šîm	𒋆
abnim	𒅔𒌓
mal	𒂷
bît	𒂍
ḳal	𒆗
ḲA	𒋡
ʾì	𒄭
ʾi3	𒄭
ṭár	𒁯
ʷit	𒀉
níg	𒃻
dAMAR	𒀭𒀫
aṭ	𒀜
ZÉ	𒍢
½	𒈦
⅓	𒑚
ás	𒀾
ṭi	𒋾
ṭa	𒁕
aᵓ	𒄴
eṣ	𒄑
ṣú	𒍪
SÚM	𒍮
mârê	𒌉𒎌
mâri	𒌉𒎌
iḳ	𒅅
ṭur	𒌉
pár	𒌓
ṭì	𒋾
ṭi3	𒋾
ti3	𒋾
ṭú	𒌆
Uṭ	𒌓
ez	𒄑
uḳ	𒊌
šig	𒆥
II	𒁹𒁹
III	𒁹𒁹𒁹
GÁL	𒅅
BÉ	𒁉
ŠÁM	𒉛
amat	𒊩𒆳
šiḳil	𒂅
GÍR	𒄈
SI20	𒀋
šitim	𒁶
bânîm	𒁶
NET	𒍑
NED	𒍑
NIT	𒍑
NID	𒍑
suluppam	𒄑𒅗𒈝
SÍG	𒋠
má	𒈣
ṭe4	𒋼
alpam	𒄞
šattim	𒈬
imêram	𒌉𒄊
šēp	𒄊
zibba	𒈦𒆕
warad	𒀴
ÁB	𒀖
LÂ	𒇲
ZUN	𒄭𒀀
tarbaṣim	𒉣𒁀
TUR3	𒉣𒁀
TÙR	𒉣𒁀
lalâm	𒈧
GÍD	𒁍
NIEŠ	𒑗
PI3	𒑗
ṣumba	𒄑𒈥𒁍𒁕
ûmi	𒄭
lú	𒇽
hun	𒂠
še20	𒅆
ITU	𒌗
aḳ	𒀝
mâr	𒌉
Šamâs	𒌓
tub	𒁾
'	𒄴
Ê	𒂍
zêr	𒆰
ŠIŠ	𒋀
ḳum	𒄣
NER	𒄊
kakka	𒀯
haṭṭa	𒄑𒉺
haṭṭu	𒄑𒉺
haṭṭi	𒄑𒉺
ilum	𒀭
ili	𒉌𒉌
ilim	𒀭
kakka	𒄑𒆪
kakki	𒄑𒆪
kakkim	𒄑𒆪
mât	𒌦
mâtim	𒌦
melam	𒈨𒃼𒄑
Nanâ	𒈹
palî	𒁄
rêum	𒉺𒁳
marduk	𒀫𒌓
bītim	𒂍
Šamaš	𒌓
šamê	𒊭𒈨𒂊
irṣitim	𒅕𒍣𒁴
ḳam	𒄰
SAǦ	𒊕
ÍL	𒅍
Esagila	𒂍𒊕𒅍𒆷
ṣalmi	𒀩
Bêlit	𒊩𒌆
û	𒌓
abkal	𒉣𒈨
Ašnan	𒊺𒌁
išid	𒍑
ạt	𒀜
bêltum	𒎏
ummum	𒂼
ᵐia	𒅀
ȧ	𒀀
‘	𒄴
libit	𒋞
ṣab	𒂟
kiššat	𒆧
ṣal	𒉌
šarrum	𒊬
karê	𒄦𒄦
guru7	𒄦
ÍS	𒄑
dârî	𒁕
BÁRA	𒁈
DELE	𒀸
mulx	𒀯
zálag	𒂟
dè	𒌤
elam	𒂊𒆷𒉏
kis	𒆦
líl	𒆤
múru	𒉠
ziq	𒍨
àm	𒀀𒀭
éš	𒂠
šà4	𒁺
šìr	𒂡
ṭu	𒑊
⅔	𒑛
⅚	𒑜
nuna	𒉡
DUG×LAK-020	𒒞
LAK-003	𒓕
LAK-021	𒓖
LAK-025	𒓗
LAK-030	𒓘
LAK-050	𒓙
LAK-051	𒓚
LAK-062	𒓛
LAK-080	𒓝
LAK-081×LAK-081	𒓞
LAK-092	𒓟
LAK-130	𒓠
LAK-142	𒓡
LAK-210	𒓢
LAK-219	𒓣
LAK-220	𒓤
LAK-225	𒓥
LAK-228	𒓦
LAK-238	𒓧
LAK-265	𒓨
LAK-266	𒓩
LAK-343	𒓪
LAK-347	𒓫
LAK-348	𒓬
LAK-383	𒓭
LAK-384	𒓮
LAK-390	𒓯
LAK-441	𒓰
LAK-449	𒓱
LAK-449×GU	𒓲
LAK-449×IGI	𒓳
LAK-449×PAP×LU3	𒓴
LAK-449×PAP×PAP×LU3	𒓵
LAK-449×U2×BA	𒓶
LAK-450	𒓷
LAK-457	𒓸
LAK-470	𒓹
LAK-483	𒓺
LAK-490	𒓻
LAK-492	𒓼
LAK-493	𒓽
LAK-495	𒓾
LAK-550	𒓿
LAK-608	𒔀
LAK-617	𒔁
LAK-617×AŠ	𒔂
LAK-617×BAD	𒔃
LAK-617×KU3	𒔅
LAK-617×LA	𒔆
LAK-617×TAR	𒔇
LAK-617×TE	𒔈
LAK-617×U2	𒔉
LAK-617×UD	𒔊
LAK-617×URUDA	𒔋
LAK-636	𒔌
LAK-648	𒔍
LAK-648×DUB	𒔎
LAK-648×GA	𒔏
LAK-648×IGI	𒔐
LAK-648×NI	𒔒
LAK-648×PAP×PAP×LU3	𒔓
LAK-648×ŠEŠ×KI	𒔔
LAK-648×UD	𒔕
LAK-648×URUDA	𒔖
LAK-724	𒔗
LAK-749	𒔘
NINDA2×LAK-050	𒔧
URU×LAK-668	𒔿
DUG×LAK020	𒒞
LAK003	𒓕
LAK021	𒓖
LAK025	𒓗
LAK030	𒓘
LAK050	𒓙
LAK051	𒓚
LAK062	𒓛
LAK080	𒓝
LAK081×LAK081	𒓞
LAK092	𒓟
LAK130	𒓠
LAK142	𒓡
LAK210	𒓢
LAK219	𒓣
LAK220	𒓤
LAK225	𒓥
LAK228	𒓦
LAK238	𒓧
LAK265	𒓨
LAK266	𒓩
LAK343	𒓪
LAK347	𒓫
LAK348	𒓬
LAK383	𒓭
LAK384	𒓮
LAK390	𒓯
LAK441	𒓰
LAK449	𒓱
LAK449×GU	𒓲
LAK449×IGI	𒓳
LAK449×PAP×LU3	𒓴
LAK449×PAP×PAP×LU3	𒓵
LAK449×U2×BA	𒓶
LAK450	𒓷
LAK457	𒓸
LAK470	𒓹
LAK483	𒓺
LAK490	𒓻
LAK492	𒓼
LAK493	𒓽
LAK495	𒓾
LAK550	𒓿
LAK608	𒔀
LAK617	𒔁
LAK617×AŠ	𒔂
LAK617×BAD	𒔃
LAK617×KU3	𒔅
LAK617×LA	𒔆
LAK617×TAR	𒔇
LAK617×TE	𒔈
LAK617×U2	𒔉
LAK617×UD	𒔊
LAK617×URUDA	𒔋
LAK636	𒔌
LAK648	𒔍
LAK648×DUB	𒔎
LAK648×GA	𒔏
LAK648×IGI	𒔐
LAK648×NI	𒔒
LAK648×PAP×PAP×LU3	𒔓
LAK648×ŠEŠ×KI	𒔔
LAK648×UD	𒔕
LAK648×URUDA	𒔖
LAK724	𒔗
LAK749	𒔘
NINDA2×LAK050	𒔧
URU×LAK668	𒔿
GÀN	𒃷
ĝiš	𒄑
ĝeš	𒄑
ég	𒂊
mušen	𒄷
nibru	𒂗𒆤
nibruki	𒂗𒆤𒆠
niĝ2	𒃻
niĝin6	𒇔
ob	𒌒
sa4	𒄷𒈾
saĝ	𒊕
sirara3	𒌓𒈣𒀏𒋓
sizkur2	𒀬𒀬
tuš	𒌇
uĝ3	𒌦
ušur	𒃡
urim	𒌷𒋀𒀊𒆠
urim2	𒋀𒀕
gar8	𒋞
ĝar8	𒋞
ĝar8	𒈝
keše2	𒆟
da13	𒋺
nanibgal	𒀭𒉀
nisaba2	𒉀
lama	𒇴𒈠
ištaran	𒀭𒈹𒀭
enmen2	𒂗𒈨
NinNI2	𒎏𒉎
šaggina	𒄊𒀴
SAH2	𒋚
SAH3	𒂄
SAŠH	𒋚
sašh	𒋚
tiĝ4	𒋾
ussu2	𒀳
uššu	𒀳
gul2	𒆰
qu2	𒄣
lab	𒆗
sat	𒆳
sir4	𒋤
kipar	𒅗
MUS	𒌝
lab2	𒈜
lup	𒈜
NIMGIR	𒂇
šakir2	𒔒
hi2	𒀪
sid	𒊒
sah5	𒆤
arku	𒂕
TUR2	𒌁
edu	𒄸
tas	𒌨
suq	𒋻
zu6	𒍮
żu	𒍮
kisti	𒌁
mit2	𒁁
kaš	𒁉
tahaz	𒀞
tahas	𒀞
sabtu	𒋙𒐀𒁹
esse	𒉈
adi	𒂗
na3	𒉡
lis	𒇺
nisi	𒌦𒎌
sap	𒉺𒅁
zir3	𒇋
ziz5	𒁁
aḥu	𒋀
ahu	𒋀
niv	𒉏
tig	𒄘
mid4	𒁁
sedi	𒆘
kil	𒆸
kis2	𒆧
kiṣ	𒆧
lah3	𒌓
tu4	𒌓
qur	𒄥
ẓiru	𒂔
ziru	𒂔
tak2	𒋳
libit	𒋳𒀉
parzil	𒀭𒈦
istin	𒁹𒂗
sapru	𒇽𒂊
sa8	𒅕
semir	𒄯
tan	𒊩𒌓
pa3	𒅆𒊒
enim	𒅗
eli	𒌋𒅗
ussi	𒍑
na8	𒅘
rabu	𒃲
SUNKI	𒈗
sarru	𒈗
xi	𒄭
pè	𒉌
tù	𒁺
dannu	𒆗
babili	𒆍𒀭𒊏
Assur	𒐀𒐼
Ašur	𒐀𒐼
Aššur	𒐀𒐼
assur	𒐀𒐼
kissati	𒊹
kiššati	𒊹
NAK	𒅘
reš	𒊕
rēš	𒊕
nirari	𒉌𒊏𒊑
sulmanuasaridu	𒂄𒈠𒉡𒀀𒊭𒊑𒁺
iddina	𒀉𒁲𒈾
sumeri	𒋗𒈨𒊑
šumēri	𒋗𒈨𒊑
akkadi	𒀝𒅗𒁲
akkadī	𒀝𒅗𒁲
meli	𒈨𒇷
liplipi	𒇷𒅁𒇷𒉿
nabu	𒈾𒁍
nabū	𒈾𒁍
rubu	𒊒𒁍
rubū	𒊒𒁍
usur	𒌋𒋩
uṣur	𒌋𒋩
sakkanakku	𒊕𒅗𒅘𒆪
šakkanakku	𒊕𒅗𒅘𒆪
nusku	𒉡𒍑𒆪
Nusku	𒉡𒍑𒆪
ekalli	𒂍𒃲
imere	𒀲𒎌
samas	𒌓
šamaš	𒌓
samsi	𒌓
šamši	𒌓
rabi	𒃲
ah	𒄴
iš	𒅖
și	𒋛
ṣi	𒋛
sarri	𒈗
babi	𒆍𒀭
Sippar	𒌓𒄒𒉣𒆠
dap	𒁳
ik	𒅅
har	𒄯
hur	𒄯
iti	𒌚
arah	𒌚
meš	𒎌
ilani	𒀭𒎌
rabuti	𒃲𒎌
saĝu	𒊕𒂵
šaĝu	𒊕𒂵
istar	𒈹
ištar	𒈹
limu	𒇹
limmu	𒇹
kam	𒆚
mari	𒈥
kat	𒋗
ramman	𒅎
mati	𒆳
šumi	𒈬
sumi	𒈬
zēri	𒆰
zeri	𒆰
ūmu	𒈪
umu	𒈪
šulmānu	𒂄𒈠𒉡
sulmanu	𒂄𒈠𒉡
tukulti	𒆪𒋾
apil	𒀀
belu	𒂗
isu	𒄑
rimani	𒊑𒈠𒉌
raimi	𒊏𒄿𒈪
ali	𒀀𒇷
harrani	𒄯𒊏𒉌
sidi	𒅆𒁲
habur	𒄩𒁓
ikdi	𒅅𒁲
kilrub	𒆸𒊒𒌒
mitluti	𒈪𒀉𒇻𒋾
pattute	𒉺𒀜𒌅𒋼
narkabti	𒈜𒆏𒋾
sepe	𒊺𒉿
karne	𒆳𒉈
pirani	𒉿𒊏𒉌
maske	𒈠𒀸𒆠
sinnati	𒅆𒈾𒋾
šeri	𒅆𒊑
gimirta	𒄀𒂇𒋫
issur	𒅖𒋩
samee	𒊭𒈨𒂊
muttaprisa	𒈬𒌓𒋰𒊑𒊭
eim	𒂊𒅎
atta	𒀜𒋫
addi	𒀜𒁲
kasti	𒅗𒀸𒋾
kasat	𒅗𒊭𒀜
parzilli	𒉺𒅈𒉣𒇷
nese	𒉈𒊺
kir	𒄫
pat	𒉺𒀜
seri	𒅆𒊑
alani	𒌷𒎌
nise	𒌦𒎌
matati	𒆳𒎌
kibrati	𒄒𒋥𒎌
bele	𒂗𒎌
beli	𒂗
aplu	𒀀
apsi	𒍪𒀊
balati	𒋾
libbi	𒊮
karrad	𒌨𒊕
kardu	𒌨𒊕
gallu	𒃲𒇻
kali	𒅗𒇷
arbai	𒅈𒁀𒄿
irbitta	𒅕𒀉𒋫
rabe	𒃲
rabiti	𒃲
zikaru	𒍑
nasir	𒉽
ninib	𒎏𒅁
saĝut	𒊕𒂵
m	𒁹
igigi	𒄿𒄀𒄀
matu	𒆳
ahi	𒀀𒄭
amelu	𒇻
baru	𒁀𒊒
dannati	𒁕𒄠𒈾𒋾
kassu	𒆜𒋗
nadin	𒈾𒁷
par	𒁇
simmassihu	𒋛𒅎𒈦𒋛𒄷
eššu	𒉋
essu	𒉋
kiru	𒊬
kirū	𒊬
ram	𒊏𒄠
iddin	𒀉𒁷
anim	𒀭𒉏
tib	𒋾𒅁
sadu	𒆳
šadu	𒆳
16	𒌋𒁹𒁹𒁹𒁹𒁹𒁹
18	𒌋𒁹𒁹𒁹𒁹𒁹𒁹𒁹𒁹
hi	𒄭
hal	𒄬
kakke	𒄑𒆪
narkabati	𒈜𒆏𒋾
kire	𒄑𒊬
sade	𒆳
19	𒌋𒁹𒁹𒁹𒁹𒁹𒁹𒁹𒁹𒁹
saqe	𒊭𒆥
šaqê	𒊭𒆥
utir	𒌋𒌁
parzillu	𒀭𒁇
kaspu	𒆬𒌓
kaspi	𒆬𒌓
anaku	𒀭𒈾
imeru	𒀲
alpe	𒄞
alpu	𒄞
sipatu	𒋠
subatu	𒌆
kitu	𒃰
sipati	𒋠
aksud	𒆳𒌓
akšud	𒆳𒌓
mah	𒈤
kussi	𒄖𒍝
kima	𒁶
luh	𒈛
narkabat	𒈜𒆏𒋾
kate	𒋗
huraşu	𒆬𒄀
hurasu	𒆬𒄀
mil	𒈪𒅋
sarrani	𒈗𒎌𒉌
šarrāni	𒈗𒎌𒉌
sabe	𒂞𒎌
șābē	𒂞𒎌
sun	𒋢𒌦
kabal	𒉠
mare	𒈥𒎌
sarra	𒈗
aš	𒀸
šak	𒊕
šaki	𒊕
šir	𒋓
maš	𒈦
nina	𒀏
Ninua	𒀏
sepa	𒄊
šepa	𒄊
nakire	𒉽
sipri	𒆥
suttu	𒈧𒈪
hazanati	𒄩𒍝𒈾𒋾
hazānāti	𒄩𒍝𒈾𒋾
duru	𒁁
durani	𒁁𒎌
dūrāni	𒁁𒎌
sin	𒂗𒍪
Niĝal	𒎏𒃲
ila	𒅋𒀀
adari	𒀀𒁕𒊑
satti	𒊭𒀜𒋾
de2	𒌤
a5	𒀝
ša7	𒐼
bur5	𒉅
bir	𒉅
bâ	𒁀
bâk	𒁀
huĝ	𒂠
ge7	𒂠
kad	𒃰
kat	𒃰
badr	𒁁
idim	𒁁
sumun	𒁁
til	𒁁
uš2	𒁁
baṭ	𒁁
bi4	𒁁
mid	𒁁
mit	𒁁
miṭ	𒁁
zis	𒁁
ziz	𒁁
durah2	𒁱
darah	𒁱
dara	𒁱
arhušx	𒂑
arhuš	𒂑
šir	𒂡
ĝa2×(ha.lu.eš2)	𒃑
halub	𒃑
did	𒁲
sa	𒁲
de	𒁲
ṭe	𒁲
ṭi	𒁲
ti4	𒁲
šub3	𒁲
kal2	𒃲
absin	𒀳
uru	𒀳
dip	𒁳
dur	𒂃
ama	𒃣
ušum	𒁔
šah	𒂄
unu	𒀕
tun	𒂅
gin2	𒂅
giĝ	𒂅
puš4	𒂅
ṭu	𒂅
qam	𒃵
gum4	𒃵
ab	𒀖
lit	𒀖
liṭ	𒀖
balaĝ	𒁆
barag	𒁖
qim	𒁶
gen7	𒁶
dim	𒁶
mir	𒂆
qan	𒃶
par2	𒁇
ṭin	𒁷
ten2	𒁷
til	𒁷
niĝir	𒂇
enna	𒂗
ĝa	𒂷
ĝe	𒂷
ĝen	𒂷
šem5	𒀘
ru3	𒀸
garak	𒃸
gur6	𒃸
eṭ	𒀉
meze	𒀙
alam	𒀩
upu	𒀹
be	𒁉
ṭiš	𒁹
santak4	𒁹
menx	𒃉
aʾ	𒀪
eʾ	𒀪
iʾ	𒀪
uʾ	𒀪
ʾ	𒀪
ʾa	𒀪
ʾe	𒀪
ʾi	𒀪
ʾu	𒀪
uzalak	𒀺
ĝen	𒁺
kub	𒁺
kup	𒁺
ṭu3	𒁺
eg	𒂊
EN×ME	𒂚
sabad2	𒃪
ub5	𒀛
ṣur	𒀫
ĝar	𒃻
niĝ	𒃻
sizkur	𒀬
siškur	𒀬
karābu	𒀬
naqû	𒀬
nīqu	𒀬
kas5	𒁼
urugal	𒀍
diĝir	𒀭
git2	𒁍
giṭ2	𒁍
bur	𒁍
kiši6	𒁝
biṭ	𒂍
nab	𒀮
az2	𒀾
aṣ2	𒀾
ṭam	𒁮
ṭuppum	𒁾
kišib	𒁾
šeš2	𒂞
men4	𒃞
menx(ĜA2×EN)	𒃞
wi5	𒃾
ĝeštin	𒃾
erin	𒂟
zalag	𒂟
zap	𒂟
ṣap	𒂟
sissig	𒄀
ĝizzal3	𒄐
qam2	𒄰
ie	𒅀
ii	𒅀
iu	𒅀
qe2	𒆠
tul8	𒇀
es	𒄑
is	𒄑
UB	𒄱
up	𒄱
qib	𒄒
qip	𒄒
gilib	𒄃
kil2	𒄃
qili2	𒄃
qil2	𒄃
guz	𒄣
qu	𒄣
umin	𒅓
umun	𒅓
lad	𒆳
laṭ	𒆳
mad	𒆳
maṭ	𒆳
nad	𒆳
nat	𒆳
šat	𒆳
šaṭ	𒆳
la	𒇳
lalla	𒇳
pi4	𒅤
bu3	𒅤
kit	𒆤
kiṭ	𒆤
qid	𒆤
qit	𒆤
ĝuruš	𒄥
urx(HI×ŠE)	𒄵
ellaĝ	𒄵
biri	𒄵
pir3	𒄵
eg	𒅅
ĝal2	𒅅
dru3	𒆕
du	𒆕
kiĝ	𒆥
ninindu	𒇅
immindu	𒇅
gigir3	𒇕
eš22	𒇵
eš	𒇵
qu3	𒄖
lem	𒅆
isiš	𒅖
iši	𒅖
kuš	𒅖
mil	𒅖
akan3	𒇖
pak	𒄷
paq	𒄷
hur	𒄷
imminte	𒅷
ĝuruš	𒆗
kala	𒆗
lap	𒆗
lib2	𒆗
lip2	𒆗
rip	𒆗
tan	𒆗
kis	𒆧
qis	𒆧
kiś	𒆧
qiš	𒆧
u	𒇇
lahar	𒇇
ĝir2	𒄈
gu	𒄘
tik	𒄘
tiq	𒄘
naq	𒅘
qil	𒆸
rim	𒆸
hap	𒆸
lugud	𒆸
niĝin	𒆸
ul	𒄉
at2	𒄉
aṭ2	𒄉
kud	𒄩
zu9	𒆉
as4	𒆹
suq	𒆹
zuk	𒆹
zuq	𒆹
šuk3	𒆹
men4	𒇙
men	𒇙
ĝiri3	𒄊
ugurx	𒄚
ugur	𒄚
dur2	𒆪
bed	𒆪
usan	𒄛
gir7	𒄫
peš	𒄫
nundun	𒅻
gurun4	𒇫
uš	𒅜
gil3	𒅍
dupsik	𒅍
šubtu5	𒆝
šubtu3	𒆝
lu	𒇽
lulim	𒄎
NI2	𒅎
lugud4	𒇮
suhirim	𒇮
kid	𒅏
kid2	𒅏
gabu2	𒆏
gub3	𒆏
gubu3	𒆏
kud	𒆯
at6	𒇿
peš	𒈠
naĝa	𒉀
kiri9	𒉐
kir17	𒉐
qir2	𒉐
tum	𒉐
nesaĝ	𒉠
nisannum	𒉠
siš	𒋀
ṭal	𒊑
ša7	𒊑
šeš4	𒋁
ga5	𒋡
ka4	𒋡
qû	𒋡
sala4	𒋡
sil3	𒋡
šal2	𒋡
šaĝa	𒈂
šaĝar	𒈂
šup	𒊒
ma	𒈣
sil2	𒉣
ṣil	𒉣
saĝa	𒋃
sir4	𒋓
šur3	𒋓
tak	𒋳
taq	𒋳
šum2	𒋳
mah2	𒈤
bulug4	𒉄
šud	𒋤
šut	𒋤
šuṭ	𒋤
ad7	𒈕
adda	𒈕
arhuš3	𒉥
saq	𒊕
san	𒊕
šag	𒊕
šaq	𒊕
gud	𒊥
gug	𒈖
arhuš	𒉦
kun8	𒈧
maš	𒈧
tug2	𒉇
šip	𒈨
šeŋ6	𒉈
aĝ	𒉘
ram	𒉘
dul	𒊨
kušu	𒊨
adamin2	𒈙
raq	𒊩
šu	𒋙
śur	𒋩
ṭìr	𒋩
ĝi	𒈪
ĝidru	𒉺
had	𒉺
hat	𒉺
haṭ	𒉺
piriĝ	𒊊
ših	𒋚
kid	𒋺
lah3	𒈛
sam2	𒉛
urgilim	𒉫
šuku	𒉻
pat	𒉻
paṭ	𒉻
šug	𒉻
šuq	𒉻
uṣ	𒊻
se	𒋛
ṭa2	𒋫
kudr	𒋻
sil	𒋻
haz	𒋻
has	𒋻
haṣ	𒋻
ṭar	𒋻
ĝu10	𒈬
akar	𒉬
ban	𒉼
kiri	𒊬
mu	𒊬
su	𒋜
dara4	𒋜
suku5	𒈽
suh	𒈽
bab	𒉽
bap	𒉽
kur	𒉽
na5	𒊭
ša5	𒊭
šig	𒋝
šik	𒋝
šiq	𒋝
gumgum	𒈞
gum	𒈞
muk	𒈮
em	𒉎
im	𒉎
egarx	𒋞
egir6	𒋞
elam	𒉏
ĝeštug	𒉿
a3	𒉿
pe	𒉿
guhšu	𒋟
guruš	𒍀
nin	𒎐
šam	𒌑
u	𒌑
ĝeš	𒍑
ĝiš	𒍑
us	𒍑
ar2	𒌒
ze	𒍢
zalag	𒌓
lih	𒌓
par	𒌓
pir	𒌓
hiš	𒌓
si7	𒌣
ṣe2	𒍣
zig	𒍣
ṭu2	𒌅
tug	𒌆
mur	𒌆
ušx(MUNSUB)	𒍖
ušx(UŠX)	𒍖
ṣib	𒍦
zip	𒍦
ṣip	𒍦
tuq	𒌇
du	𒌇
dam3	𒌈
tam4	𒌈
ṭum	𒌈
du4	𒌈
tu4	𒌈
ṭu4	𒌈
eb2	𒌈
ep2	𒌈
ip2	𒌈
tim2	𒌈
lig	𒌨
haš	𒍨
umme	𒎘
eme2	𒎘
aš2	𒍩
su2	𒍪
zu	𒍪
ṣu2	𒍪
itud2	𒌛
ur	𒌫
kik	𒍼
qiq	𒍼
kib3	𒍼
me-eš	𒎌
iri	𒍍
sa2	𒍝
ṣa	𒍝
haš	𒍮
ṣum	𒍮
